schema_version,row_type,key,value,config_index,config_name,config_label,seed,estimand,view,metric,threshold,treatment_band,control_band,status,n_cells,n_successes,rate,ci_lower,ci_upper
linear-recovery-c2-compact/v1,metadata,status,"""complete""",,,,,,,,,,,,,,,,
linear-recovery-c2-compact/v1,metadata,config_hash,"""b2a7fb98d69cc8ed1463492f803f10baf3a33013f226ab136cfd28278634a014""",,,,,,,,,,,,,,,,
linear-recovery-c2-compact/v1,metadata,manifest_hash,"""d597b07290e40c4d3c21f7744a507b3d2680e525c1dfd1a318545b60affcc334""",,,,,,,,,,,,,,,,
linear-recovery-c2-compact/v1,metadata,source_commit,"""2472add1bbe93e27df2c2c53a4d191d3293f7ae4""",,,,,,,,,,,,,,,,
linear-recovery-c2-compact/v1,metadata,package_version,"""0.0.2""",,,,,,,,,,,,,,,,
linear-recovery-c2-compact/v1,metadata,source_dirty,false,,,,,,,,,,,,,,,,
linear-recovery-c2-compact/v1,metadata,seed_schedule,"[{""generator"":{""active_count_allocation"":""independent"",""n_covariates"":10,""n_covariates_active_range"":[1,10],""n_latent"":1,""n_latent_active_range"":[1,1],""n_time_steps"":104,""n_treatments"":10,""n_treatments_active_range"":[1,10],""nonlinearity"":""diverse"",""trajectories"":""composable""},""index"":0,""name"":""primary_composable"",""seed"":20261005},{""generator"":{""active_count_allocation"":""independent"",""n_covariates"":10,""n_covariates_active_range"":[1,10],""n_latent"":1,""n_latent_active_range"":[1,1],""n_time_steps"":104,""n_treatments"":10,""n_treatments_active_range"":[1,10],""nonlinearity"":""diverse"",""trajectories"":""texture""},""index"":1,""name"":""texture"",""seed"":20261015},{""generator"":{""active_count_allocation"":""independent"",""n_covariates"":10,""n_covariates_active_range"":[1,10],""n_latent"":1,""n_latent_active_range"":[1,1],""n_time_steps"":104,""n_treatments"":10,""n_treatments_active_range"":[1,10],""nonlinearity"":""diverse"",""trajectories"":""always_on_spikes""},""index"":2,""name"":""always_on_spikes"",""seed"":20261016},{""generator"":{""active_count_allocation"":""independent"",""n_covariates"":10,""n_covariates_active_range"":[1,10],""n_latent"":1,""n_latent_active_range"":[1,1],""n_time_steps"":104,""n_treatments"":10,""n_treatments_active_range"":[1,10],""nonlinearity"":""diverse"",""trajectories"":""periodic_on_off""},""index"":3,""name"":""periodic_on_off"",""seed"":20261017},{""generator"":{""active_count_allocation"":""independent"",""n_covariates"":10,""n_covariates_active_range"":[1,10],""n_latent"":1,""n_latent_active_range"":[1,1],""n_time_steps"":104,""n_treatments"":10,""n_treatments_active_range"":[1,10],""nonlinearity"":""diverse"",""trajectories"":""delayed_start""},""index"":4,""name"":""delayed_start"",""seed"":20261018},{""generator"":{""active_count_allocation"":""independent"",""n_covariates"":10,""n_covariates_active_range"":[1,10],""n_latent"":1,""n_latent_active_range"":[1,1],""n_time_steps"":104,""n_treatments"":10,""n_treatments_active_range"":[1,10],""nonlinearity"":""diverse"",""trajectories"":""ramp_up""},""index"":5,""name"":""ramp_up"",""seed"":20261019},{""generator"":{""active_count_allocation"":""independent"",""n_covariates"":10,""n_covariates_active_range"":[1,10],""n_latent"":1,""n_latent_active_range"":[1,1],""n_time_steps"":104,""n_treatments"":10,""n_treatments_active_range"":[1,10],""nonlinearity"":""diverse"",""trajectories"":""decay_to_zero""},""index"":6,""name"":""decay_to_zero"",""seed"":20261020},{""generator"":{""active_count_allocation"":""independent"",""n_covariates"":10,""n_covariates_active_range"":[1,10],""n_latent"":1,""n_latent_active_range"":[1,1],""n_time_steps"":104,""n_treatments"":10,""n_treatments_active_range"":[1,10],""nonlinearity"":""diverse"",""trajectories"":""level_doubling""},""index"":7,""name"":""level_doubling"",""seed"":20261021},{""generator"":{""active_count_allocation"":""independent"",""n_covariates"":10,""n_covariates_active_range"":[1,10],""n_latent"":1,""n_latent_active_range"":[1,1],""n_time_steps"":104,""n_treatments"":10,""n_treatments_active_range"":[1,10],""nonlinearity"":""diverse"",""trajectories"":""seasonal""},""index"":8,""name"":""seasonal"",""seed"":20261022},{""generator"":{""active_count_allocation"":""independent"",""n_covariates"":10,""n_covariates_active_range"":[1,10],""n_latent"":1,""n_latent_active_range"":[1,1],""n_time_steps"":104,""n_treatments"":10,""n_treatments_active_range"":[1,10],""nonlinearity"":""diverse"",""trajectories"":""trend""},""index"":9,""name"":""trend"",""seed"":20261023}]",,,,,,,,,,,,,,,,
linear-recovery-c2-compact/v1,metadata,accounting,"{""accepted_world_metrics"":640,""complete_cells"":320,""evaluated_world_metrics"":640,""failures"":0,""generation_failures"":0,""realized_cells"":320,""rejected_candidates"":0,""requested_cells"":320,""requested_worlds"":640}",,,,,,,,,,,,,,,,
linear-recovery-c2-compact/v1,metadata,artifact_sha256,"{""checkpoint"":""18f18c7e3f87632b3d048420716bd2d89337b571c2ce3140a25f5d087b2dc3b0"",""manifest"":""8fa78d620e0bf3685f27f64a448ee157043e9706421dc5592b4c28b93130a0d5"",""report"":""49db994f3420e4b11616deaeb304f61b8d4dedb5e97acb35527e8506c4569b8c"",""run_log"":""ee247b6b37cb379bd3c48f4a08f487e010cb6c943611a5d2a70f3a8aa297b87a""}",,,,,,,,,,,,,,,,
linear-recovery-c2-compact/v1,metadata,artifact_storage,"""local-only external audit storage; no raw time series retained""",,,,,,,,,,,,,,,,
linear-recovery-c2-compact/v1,metadata,metric_definitions,"""Correlation and VIF comparators are inclusive >=; condition is np.linalg.cond on unscaled, uncentered active predictors plus an intercept. VIF excludes the intercept. Levels and differences are paired representations, not proof of improvement.""",,,,,,,,,,,,,,,,
linear-recovery-c2-compact/v1,metadata,scientific_limits,"""Raw observed-input conditioning is not true-feature identifiability or causal confounding. Primary and stress configurations are separate; 32 cells/config are independent and two sibling worlds are not 640 independent observations.""",,,,,,,,,,,,,,,,
linear-recovery-c2-compact/v1,metadata,composite_identity,"""Use (config_index, cell_id, sibling_index); bare cell_id and world_index are configuration-local and repeat across configurations.""",,,,,,,,,,,,,,,,
linear-recovery-c2-compact/v1,metadata,checkpoint_finalization_note,"{""checkpoint_completed"":[],""checkpoint_wall_elapsed_seconds"":2147.0324536410626,""completed_field"":""unused; cells/status are authoritative; archived checkpoint was not rewritten"",""elapsed_write_delta_seconds"":0.1497476459480822,""report_wall_elapsed_seconds"":2147.1822012870107}",,,,,,,,,,,,,,,,
linear-recovery-c2-compact/v1,metric,,,0,primary_composable,selected_primary_recipe,20261005,any_sibling,differences,absolute_correlation_ge_0p9,,,,available,32,5,0.15625,0.0686442028250571,0.3175414959753039
linear-recovery-c2-compact/v1,metric,,,0,primary_composable,selected_primary_recipe,20261005,any_sibling,differences,absolute_correlation_ge_0p95,,,,available,32,3,0.09375,0.032401551298366194,0.24218154728387864
linear-recovery-c2-compact/v1,metric,,,0,primary_composable,selected_primary_recipe,20261005,any_sibling,differences,condition_ge_100p0,,,,available,32,17,0.53125,0.3644951711897464,0.6913061289193116
linear-recovery-c2-compact/v1,metric,,,0,primary_composable,selected_primary_recipe,20261005,any_sibling,differences,condition_ge_30p0,,,,available,32,26,0.8125,0.6469084479862404,0.9111045531043405
linear-recovery-c2-compact/v1,metric,,,0,primary_composable,selected_primary_recipe,20261005,any_sibling,differences,rank_deficient,,,,available,32,0,0.0,0.0,0.1071791982550706
linear-recovery-c2-compact/v1,metric,,,0,primary_composable,selected_primary_recipe,20261005,any_sibling,differences,vif_ge_10p0,,,,available,32,7,0.21875,0.11023836252604186,0.3875499364924353
linear-recovery-c2-compact/v1,metric,,,0,primary_composable,selected_primary_recipe,20261005,any_sibling,differences,vif_ge_5p0,,,,available,32,9,0.28125,0.15564580497742764,0.45374509425916565
linear-recovery-c2-compact/v1,metric,,,0,primary_composable,selected_primary_recipe,20261005,any_sibling,levels,absolute_correlation_ge_0p9,,,,available,32,6,0.1875,0.08889544689565954,0.3530915520137596
linear-recovery-c2-compact/v1,metric,,,0,primary_composable,selected_primary_recipe,20261005,any_sibling,levels,absolute_correlation_ge_0p95,,,,available,32,3,0.09375,0.032401551298366194,0.24218154728387864
linear-recovery-c2-compact/v1,metric,,,0,primary_composable,selected_primary_recipe,20261005,any_sibling,levels,condition_ge_100p0,,,,available,32,26,0.8125,0.6469084479862404,0.9111045531043405
linear-recovery-c2-compact/v1,metric,,,0,primary_composable,selected_primary_recipe,20261005,any_sibling,levels,condition_ge_30p0,,,,available,32,32,1.0,0.8928208017449293,1.0
linear-recovery-c2-compact/v1,metric,,,0,primary_composable,selected_primary_recipe,20261005,any_sibling,levels,rank_deficient,,,,available,32,0,0.0,0.0,0.1071791982550706
linear-recovery-c2-compact/v1,metric,,,0,primary_composable,selected_primary_recipe,20261005,any_sibling,levels,vif_ge_10p0,,,,available,32,12,0.375,0.22933887309454212,0.5474559264692255
linear-recovery-c2-compact/v1,metric,,,0,primary_composable,selected_primary_recipe,20261005,any_sibling,levels,vif_ge_5p0,,,,available,32,20,0.625,0.4525440735307745,0.7706611269054578
linear-recovery-c2-compact/v1,metric,,,0,primary_composable,selected_primary_recipe,20261005,first_world,differences,absolute_correlation_ge_0p9,,,,available,32,4,0.125,0.04970134387480073,0.2806830548165022
linear-recovery-c2-compact/v1,metric,,,0,primary_composable,selected_primary_recipe,20261005,first_world,differences,absolute_correlation_ge_0p95,,,,available,32,2,0.0625,0.017310567031640967,0.2014712314415458
linear-recovery-c2-compact/v1,metric,,,0,primary_composable,selected_primary_recipe,20261005,first_world,differences,condition_ge_100p0,,,,available,32,10,0.3125,0.17952541633609734,0.4856667830095541
linear-recovery-c2-compact/v1,metric,,,0,primary_composable,selected_primary_recipe,20261005,first_world,differences,condition_ge_30p0,,,,available,32,17,0.53125,0.3644951711897464,0.6913061289193116
linear-recovery-c2-compact/v1,metric,,,0,primary_composable,selected_primary_recipe,20261005,first_world,differences,rank_deficient,,,,available,32,0,0.0,0.0,0.1071791982550706
linear-recovery-c2-compact/v1,metric,,,0,primary_composable,selected_primary_recipe,20261005,first_world,differences,vif_ge_10p0,,,,available,32,6,0.1875,0.08889544689565954,0.3530915520137596
linear-recovery-c2-compact/v1,metric,,,0,primary_composable,selected_primary_recipe,20261005,first_world,differences,vif_ge_5p0,,,,available,32,6,0.1875,0.08889544689565954,0.3530915520137596
linear-recovery-c2-compact/v1,metric,,,0,primary_composable,selected_primary_recipe,20261005,first_world,levels,absolute_correlation_ge_0p9,,,,available,32,5,0.15625,0.0686442028250571,0.3175414959753039
linear-recovery-c2-compact/v1,metric,,,0,primary_composable,selected_primary_recipe,20261005,first_world,levels,absolute_correlation_ge_0p95,,,,available,32,1,0.03125,0.005537860164003122,0.15744263820012558
linear-recovery-c2-compact/v1,metric,,,0,primary_composable,selected_primary_recipe,20261005,first_world,levels,condition_ge_100p0,,,,available,32,22,0.6875,0.5143332169904459,0.8204745836639026
linear-recovery-c2-compact/v1,metric,,,0,primary_composable,selected_primary_recipe,20261005,first_world,levels,condition_ge_30p0,,,,available,32,30,0.9375,0.7985287685584542,0.982689432968359
linear-recovery-c2-compact/v1,metric,,,0,primary_composable,selected_primary_recipe,20261005,first_world,levels,rank_deficient,,,,available,32,0,0.0,0.0,0.1071791982550706
linear-recovery-c2-compact/v1,metric,,,0,primary_composable,selected_primary_recipe,20261005,first_world,levels,vif_ge_10p0,,,,available,32,9,0.28125,0.15564580497742764,0.45374509425916565
linear-recovery-c2-compact/v1,metric,,,0,primary_composable,selected_primary_recipe,20261005,first_world,levels,vif_ge_5p0,,,,available,32,17,0.53125,0.3644951711897464,0.6913061289193116
linear-recovery-c2-compact/v1,occupancy,treatments_1_2__controls_1_2,,0,primary_composable,selected_primary_recipe,20261005,,,,,"[1,2]","[1,2]",available,1,,,,
linear-recovery-c2-compact/v1,occupancy,treatments_1_2__controls_3_5,,0,primary_composable,selected_primary_recipe,20261005,,,,,"[1,2]","[3,5]",available,2,,,,
linear-recovery-c2-compact/v1,occupancy,treatments_1_2__controls_6_8,,0,primary_composable,selected_primary_recipe,20261005,,,,,"[1,2]","[6,8]",available,2,,,,
linear-recovery-c2-compact/v1,occupancy,treatments_1_2__controls_9_10,,0,primary_composable,selected_primary_recipe,20261005,,,,,"[1,2]","[9,10]",available,1,,,,
linear-recovery-c2-compact/v1,occupancy,treatments_3_5__controls_1_2,,0,primary_composable,selected_primary_recipe,20261005,,,,,"[3,5]","[1,2]",available,3,,,,
linear-recovery-c2-compact/v1,occupancy,treatments_3_5__controls_3_5,,0,primary_composable,selected_primary_recipe,20261005,,,,,"[3,5]","[3,5]",available,3,,,,
linear-recovery-c2-compact/v1,occupancy,treatments_3_5__controls_6_8,,0,primary_composable,selected_primary_recipe,20261005,,,,,"[3,5]","[6,8]",available,5,,,,
linear-recovery-c2-compact/v1,occupancy,treatments_3_5__controls_9_10,,0,primary_composable,selected_primary_recipe,20261005,,,,,"[3,5]","[9,10]",available,1,,,,
linear-recovery-c2-compact/v1,occupancy,treatments_6_8__controls_1_2,,0,primary_composable,selected_primary_recipe,20261005,,,,,"[6,8]","[1,2]",available,2,,,,
linear-recovery-c2-compact/v1,occupancy,treatments_6_8__controls_3_5,,0,primary_composable,selected_primary_recipe,20261005,,,,,"[6,8]","[3,5]",available,3,,,,
linear-recovery-c2-compact/v1,occupancy,treatments_6_8__controls_6_8,,0,primary_composable,selected_primary_recipe,20261005,,,,,"[6,8]","[6,8]",available,3,,,,
linear-recovery-c2-compact/v1,occupancy,treatments_6_8__controls_9_10,,0,primary_composable,selected_primary_recipe,20261005,,,,,"[6,8]","[9,10]",available,2,,,,
linear-recovery-c2-compact/v1,occupancy,treatments_9_10__controls_1_2,,0,primary_composable,selected_primary_recipe,20261005,,,,,"[9,10]","[1,2]",unavailable,0,,,,
linear-recovery-c2-compact/v1,occupancy,treatments_9_10__controls_3_5,,0,primary_composable,selected_primary_recipe,20261005,,,,,"[9,10]","[3,5]",available,1,,,,
linear-recovery-c2-compact/v1,occupancy,treatments_9_10__controls_6_8,,0,primary_composable,selected_primary_recipe,20261005,,,,,"[9,10]","[6,8]",available,3,,,,
linear-recovery-c2-compact/v1,occupancy,treatments_9_10__controls_9_10,,0,primary_composable,selected_primary_recipe,20261005,,,,,"[9,10]","[9,10]",unavailable,0,,,,
linear-recovery-c2-compact/v1,metric,,,1,texture,runtime_stress_variant,20261015,any_sibling,differences,absolute_correlation_ge_0p9,,,,available,32,1,0.03125,0.005537860164003122,0.15744263820012558
linear-recovery-c2-compact/v1,metric,,,1,texture,runtime_stress_variant,20261015,any_sibling,differences,absolute_correlation_ge_0p95,,,,available,32,1,0.03125,0.005537860164003122,0.15744263820012558
linear-recovery-c2-compact/v1,metric,,,1,texture,runtime_stress_variant,20261015,any_sibling,differences,condition_ge_100p0,,,,available,32,8,0.25,0.1325240091850904,0.4210655899424448
linear-recovery-c2-compact/v1,metric,,,1,texture,runtime_stress_variant,20261015,any_sibling,differences,condition_ge_30p0,,,,available,32,18,0.5625,0.3932559113685198,0.7183466888495963
linear-recovery-c2-compact/v1,metric,,,1,texture,runtime_stress_variant,20261015,any_sibling,differences,rank_deficient,,,,available,32,0,0.0,0.0,0.1071791982550706
linear-recovery-c2-compact/v1,metric,,,1,texture,runtime_stress_variant,20261015,any_sibling,differences,vif_ge_10p0,,,,available,32,2,0.0625,0.017310567031640967,0.2014712314415458
linear-recovery-c2-compact/v1,metric,,,1,texture,runtime_stress_variant,20261015,any_sibling,differences,vif_ge_5p0,,,,available,32,2,0.0625,0.017310567031640967,0.2014712314415458
linear-recovery-c2-compact/v1,metric,,,1,texture,runtime_stress_variant,20261015,any_sibling,levels,absolute_correlation_ge_0p9,,,,available,32,7,0.21875,0.11023836252604186,0.3875499364924353
linear-recovery-c2-compact/v1,metric,,,1,texture,runtime_stress_variant,20261015,any_sibling,levels,absolute_correlation_ge_0p95,,,,available,32,2,0.0625,0.017310567031640967,0.2014712314415458
linear-recovery-c2-compact/v1,metric,,,1,texture,runtime_stress_variant,20261015,any_sibling,levels,condition_ge_100p0,,,,available,32,20,0.625,0.4525440735307745,0.7706611269054578
linear-recovery-c2-compact/v1,metric,,,1,texture,runtime_stress_variant,20261015,any_sibling,levels,condition_ge_30p0,,,,available,32,31,0.96875,0.8425573617998744,0.9944621398359969
linear-recovery-c2-compact/v1,metric,,,1,texture,runtime_stress_variant,20261015,any_sibling,levels,rank_deficient,,,,available,32,0,0.0,0.0,0.1071791982550706
linear-recovery-c2-compact/v1,metric,,,1,texture,runtime_stress_variant,20261015,any_sibling,levels,vif_ge_10p0,,,,available,32,8,0.25,0.1325240091850904,0.4210655899424448
linear-recovery-c2-compact/v1,metric,,,1,texture,runtime_stress_variant,20261015,any_sibling,levels,vif_ge_5p0,,,,available,32,15,0.46875,0.30869387108068835,0.6355048288102536
linear-recovery-c2-compact/v1,metric,,,1,texture,runtime_stress_variant,20261015,first_world,differences,absolute_correlation_ge_0p9,,,,available,32,0,0.0,0.0,0.1071791982550706
linear-recovery-c2-compact/v1,metric,,,1,texture,runtime_stress_variant,20261015,first_world,differences,absolute_correlation_ge_0p95,,,,available,32,0,0.0,0.0,0.1071791982550706
linear-recovery-c2-compact/v1,metric,,,1,texture,runtime_stress_variant,20261015,first_world,differences,condition_ge_100p0,,,,available,32,6,0.1875,0.08889544689565954,0.3530915520137596
linear-recovery-c2-compact/v1,metric,,,1,texture,runtime_stress_variant,20261015,first_world,differences,condition_ge_30p0,,,,available,32,15,0.46875,0.30869387108068835,0.6355048288102536
linear-recovery-c2-compact/v1,metric,,,1,texture,runtime_stress_variant,20261015,first_world,differences,rank_deficient,,,,available,32,0,0.0,0.0,0.1071791982550706
linear-recovery-c2-compact/v1,metric,,,1,texture,runtime_stress_variant,20261015,first_world,differences,vif_ge_10p0,,,,available,32,0,0.0,0.0,0.1071791982550706
linear-recovery-c2-compact/v1,metric,,,1,texture,runtime_stress_variant,20261015,first_world,differences,vif_ge_5p0,,,,available,32,0,0.0,0.0,0.1071791982550706
linear-recovery-c2-compact/v1,metric,,,1,texture,runtime_stress_variant,20261015,first_world,levels,absolute_correlation_ge_0p9,,,,available,32,4,0.125,0.04970134387480073,0.2806830548165022
linear-recovery-c2-compact/v1,metric,,,1,texture,runtime_stress_variant,20261015,first_world,levels,absolute_correlation_ge_0p95,,,,available,32,1,0.03125,0.005537860164003122,0.15744263820012558
linear-recovery-c2-compact/v1,metric,,,1,texture,runtime_stress_variant,20261015,first_world,levels,condition_ge_100p0,,,,available,32,16,0.5,0.33630882869327483,0.6636911713067252
linear-recovery-c2-compact/v1,metric,,,1,texture,runtime_stress_variant,20261015,first_world,levels,condition_ge_30p0,,,,available,32,31,0.96875,0.8425573617998744,0.9944621398359969
linear-recovery-c2-compact/v1,metric,,,1,texture,runtime_stress_variant,20261015,first_world,levels,rank_deficient,,,,available,32,0,0.0,0.0,0.1071791982550706
linear-recovery-c2-compact/v1,metric,,,1,texture,runtime_stress_variant,20261015,first_world,levels,vif_ge_10p0,,,,available,32,3,0.09375,0.032401551298366194,0.24218154728387864
linear-recovery-c2-compact/v1,metric,,,1,texture,runtime_stress_variant,20261015,first_world,levels,vif_ge_5p0,,,,available,32,13,0.40625,0.2551963484266544,0.5773997512461713
linear-recovery-c2-compact/v1,occupancy,treatments_1_2__controls_1_2,,1,texture,runtime_stress_variant,20261015,,,,,"[1,2]","[1,2]",available,1,,,,
linear-recovery-c2-compact/v1,occupancy,treatments_1_2__controls_3_5,,1,texture,runtime_stress_variant,20261015,,,,,"[1,2]","[3,5]",available,2,,,,
linear-recovery-c2-compact/v1,occupancy,treatments_1_2__controls_6_8,,1,texture,runtime_stress_variant,20261015,,,,,"[1,2]","[6,8]",unavailable,0,,,,
linear-recovery-c2-compact/v1,occupancy,treatments_1_2__controls_9_10,,1,texture,runtime_stress_variant,20261015,,,,,"[1,2]","[9,10]",unavailable,0,,,,
linear-recovery-c2-compact/v1,occupancy,treatments_3_5__controls_1_2,,1,texture,runtime_stress_variant,20261015,,,,,"[3,5]","[1,2]",available,4,,,,
linear-recovery-c2-compact/v1,occupancy,treatments_3_5__controls_3_5,,1,texture,runtime_stress_variant,20261015,,,,,"[3,5]","[3,5]",available,7,,,,
linear-recovery-c2-compact/v1,occupancy,treatments_3_5__controls_6_8,,1,texture,runtime_stress_variant,20261015,,,,,"[3,5]","[6,8]",available,3,,,,
linear-recovery-c2-compact/v1,occupancy,treatments_3_5__controls_9_10,,1,texture,runtime_stress_variant,20261015,,,,,"[3,5]","[9,10]",available,2,,,,
linear-recovery-c2-compact/v1,occupancy,treatments_6_8__controls_1_2,,1,texture,runtime_stress_variant,20261015,,,,,"[6,8]","[1,2]",unavailable,0,,,,
linear-recovery-c2-compact/v1,occupancy,treatments_6_8__controls_3_5,,1,texture,runtime_stress_variant,20261015,,,,,"[6,8]","[3,5]",available,4,,,,
linear-recovery-c2-compact/v1,occupancy,treatments_6_8__controls_6_8,,1,texture,runtime_stress_variant,20261015,,,,,"[6,8]","[6,8]",available,2,,,,
linear-recovery-c2-compact/v1,occupancy,treatments_6_8__controls_9_10,,1,texture,runtime_stress_variant,20261015,,,,,"[6,8]","[9,10]",unavailable,0,,,,
linear-recovery-c2-compact/v1,occupancy,treatments_9_10__controls_1_2,,1,texture,runtime_stress_variant,20261015,,,,,"[9,10]","[1,2]",available,1,,,,
linear-recovery-c2-compact/v1,occupancy,treatments_9_10__controls_3_5,,1,texture,runtime_stress_variant,20261015,,,,,"[9,10]","[3,5]",available,3,,,,
linear-recovery-c2-compact/v1,occupancy,treatments_9_10__controls_6_8,,1,texture,runtime_stress_variant,20261015,,,,,"[9,10]","[6,8]",available,1,,,,
linear-recovery-c2-compact/v1,occupancy,treatments_9_10__controls_9_10,,1,texture,runtime_stress_variant,20261015,,,,,"[9,10]","[9,10]",available,2,,,,
linear-recovery-c2-compact/v1,metric,,,2,always_on_spikes,runtime_stress_variant,20261016,any_sibling,differences,absolute_correlation_ge_0p9,,,,available,32,1,0.03125,0.005537860164003122,0.15744263820012558
linear-recovery-c2-compact/v1,metric,,,2,always_on_spikes,runtime_stress_variant,20261016,any_sibling,differences,absolute_correlation_ge_0p95,,,,available,32,1,0.03125,0.005537860164003122,0.15744263820012558
linear-recovery-c2-compact/v1,metric,,,2,always_on_spikes,runtime_stress_variant,20261016,any_sibling,differences,condition_ge_100p0,,,,available,32,6,0.1875,0.08889544689565954,0.3530915520137596
linear-recovery-c2-compact/v1,metric,,,2,always_on_spikes,runtime_stress_variant,20261016,any_sibling,differences,condition_ge_30p0,,,,available,32,18,0.5625,0.3932559113685198,0.7183466888495963
linear-recovery-c2-compact/v1,metric,,,2,always_on_spikes,runtime_stress_variant,20261016,any_sibling,differences,rank_deficient,,,,available,32,0,0.0,0.0,0.1071791982550706
linear-recovery-c2-compact/v1,metric,,,2,always_on_spikes,runtime_stress_variant,20261016,any_sibling,differences,vif_ge_10p0,,,,available,32,2,0.0625,0.017310567031640967,0.2014712314415458
linear-recovery-c2-compact/v1,metric,,,2,always_on_spikes,runtime_stress_variant,20261016,any_sibling,differences,vif_ge_5p0,,,,available,32,4,0.125,0.04970134387480073,0.2806830548165022
linear-recovery-c2-compact/v1,metric,,,2,always_on_spikes,runtime_stress_variant,20261016,any_sibling,levels,absolute_correlation_ge_0p9,,,,available,32,3,0.09375,0.032401551298366194,0.24218154728387864
linear-recovery-c2-compact/v1,metric,,,2,always_on_spikes,runtime_stress_variant,20261016,any_sibling,levels,absolute_correlation_ge_0p95,,,,available,32,1,0.03125,0.005537860164003122,0.15744263820012558
linear-recovery-c2-compact/v1,metric,,,2,always_on_spikes,runtime_stress_variant,20261016,any_sibling,levels,condition_ge_100p0,,,,available,32,17,0.53125,0.3644951711897464,0.6913061289193116
linear-recovery-c2-compact/v1,metric,,,2,always_on_spikes,runtime_stress_variant,20261016,any_sibling,levels,condition_ge_30p0,,,,available,32,30,0.9375,0.7985287685584542,0.982689432968359
linear-recovery-c2-compact/v1,metric,,,2,always_on_spikes,runtime_stress_variant,20261016,any_sibling,levels,rank_deficient,,,,available,32,0,0.0,0.0,0.1071791982550706
linear-recovery-c2-compact/v1,metric,,,2,always_on_spikes,runtime_stress_variant,20261016,any_sibling,levels,vif_ge_10p0,,,,available,32,4,0.125,0.04970134387480073,0.2806830548165022
linear-recovery-c2-compact/v1,metric,,,2,always_on_spikes,runtime_stress_variant,20261016,any_sibling,levels,vif_ge_5p0,,,,available,32,18,0.5625,0.3932559113685198,0.7183466888495963
linear-recovery-c2-compact/v1,metric,,,2,always_on_spikes,runtime_stress_variant,20261016,first_world,differences,absolute_correlation_ge_0p9,,,,available,32,0,0.0,0.0,0.1071791982550706
linear-recovery-c2-compact/v1,metric,,,2,always_on_spikes,runtime_stress_variant,20261016,first_world,differences,absolute_correlation_ge_0p95,,,,available,32,0,0.0,0.0,0.1071791982550706
linear-recovery-c2-compact/v1,metric,,,2,always_on_spikes,runtime_stress_variant,20261016,first_world,differences,condition_ge_100p0,,,,available,32,4,0.125,0.04970134387480073,0.2806830548165022
linear-recovery-c2-compact/v1,metric,,,2,always_on_spikes,runtime_stress_variant,20261016,first_world,differences,condition_ge_30p0,,,,available,32,14,0.4375,0.2816533111504036,0.6067440886314801
linear-recovery-c2-compact/v1,metric,,,2,always_on_spikes,runtime_stress_variant,20261016,first_world,differences,rank_deficient,,,,available,32,0,0.0,0.0,0.1071791982550706
linear-recovery-c2-compact/v1,metric,,,2,always_on_spikes,runtime_stress_variant,20261016,first_world,differences,vif_ge_10p0,,,,available,32,0,0.0,0.0,0.1071791982550706
linear-recovery-c2-compact/v1,metric,,,2,always_on_spikes,runtime_stress_variant,20261016,first_world,differences,vif_ge_5p0,,,,available,32,2,0.0625,0.017310567031640967,0.2014712314415458
linear-recovery-c2-compact/v1,metric,,,2,always_on_spikes,runtime_stress_variant,20261016,first_world,levels,absolute_correlation_ge_0p9,,,,available,32,0,0.0,0.0,0.1071791982550706
linear-recovery-c2-compact/v1,metric,,,2,always_on_spikes,runtime_stress_variant,20261016,first_world,levels,absolute_correlation_ge_0p95,,,,available,32,0,0.0,0.0,0.1071791982550706
linear-recovery-c2-compact/v1,metric,,,2,always_on_spikes,runtime_stress_variant,20261016,first_world,levels,condition_ge_100p0,,,,available,32,11,0.34375,0.20410437924433172,0.5168891202103778
linear-recovery-c2-compact/v1,metric,,,2,always_on_spikes,runtime_stress_variant,20261016,first_world,levels,condition_ge_30p0,,,,available,32,28,0.875,0.7193169451834978,0.9502986561251991
linear-recovery-c2-compact/v1,metric,,,2,always_on_spikes,runtime_stress_variant,20261016,first_world,levels,rank_deficient,,,,available,32,0,0.0,0.0,0.1071791982550706
linear-recovery-c2-compact/v1,metric,,,2,always_on_spikes,runtime_stress_variant,20261016,first_world,levels,vif_ge_10p0,,,,available,32,1,0.03125,0.005537860164003122,0.15744263820012558
linear-recovery-c2-compact/v1,metric,,,2,always_on_spikes,runtime_stress_variant,20261016,first_world,levels,vif_ge_5p0,,,,available,32,10,0.3125,0.17952541633609734,0.4856667830095541
linear-recovery-c2-compact/v1,occupancy,treatments_1_2__controls_1_2,,2,always_on_spikes,runtime_stress_variant,20261016,,,,,"[1,2]","[1,2]",available,2,,,,
linear-recovery-c2-compact/v1,occupancy,treatments_1_2__controls_3_5,,2,always_on_spikes,runtime_stress_variant,20261016,,,,,"[1,2]","[3,5]",available,4,,,,
linear-recovery-c2-compact/v1,occupancy,treatments_1_2__controls_6_8,,2,always_on_spikes,runtime_stress_variant,20261016,,,,,"[1,2]","[6,8]",available,2,,,,
linear-recovery-c2-compact/v1,occupancy,treatments_1_2__controls_9_10,,2,always_on_spikes,runtime_stress_variant,20261016,,,,,"[1,2]","[9,10]",unavailable,0,,,,
linear-recovery-c2-compact/v1,occupancy,treatments_3_5__controls_1_2,,2,always_on_spikes,runtime_stress_variant,20261016,,,,,"[3,5]","[1,2]",unavailable,0,,,,
linear-recovery-c2-compact/v1,occupancy,treatments_3_5__controls_3_5,,2,always_on_spikes,runtime_stress_variant,20261016,,,,,"[3,5]","[3,5]",available,1,,,,
linear-recovery-c2-compact/v1,occupancy,treatments_3_5__controls_6_8,,2,always_on_spikes,runtime_stress_variant,20261016,,,,,"[3,5]","[6,8]",available,1,,,,
linear-recovery-c2-compact/v1,occupancy,treatments_3_5__controls_9_10,,2,always_on_spikes,runtime_stress_variant,20261016,,,,,"[3,5]","[9,10]",available,1,,,,
linear-recovery-c2-compact/v1,occupancy,treatments_6_8__controls_1_2,,2,always_on_spikes,runtime_stress_variant,20261016,,,,,"[6,8]","[1,2]",available,5,,,,
linear-recovery-c2-compact/v1,occupancy,treatments_6_8__controls_3_5,,2,always_on_spikes,runtime_stress_variant,20261016,,,,,"[6,8]","[3,5]",available,4,,,,
linear-recovery-c2-compact/v1,occupancy,treatments_6_8__controls_6_8,,2,always_on_spikes,runtime_stress_variant,20261016,,,,,"[6,8]","[6,8]",unavailable,0,,,,
linear-recovery-c2-compact/v1,occupancy,treatments_6_8__controls_9_10,,2,always_on_spikes,runtime_stress_variant,20261016,,,,,"[6,8]","[9,10]",available,4,,,,
linear-recovery-c2-compact/v1,occupancy,treatments_9_10__controls_1_2,,2,always_on_spikes,runtime_stress_variant,20261016,,,,,"[9,10]","[1,2]",available,1,,,,
linear-recovery-c2-compact/v1,occupancy,treatments_9_10__controls_3_5,,2,always_on_spikes,runtime_stress_variant,20261016,,,,,"[9,10]","[3,5]",available,2,,,,
linear-recovery-c2-compact/v1,occupancy,treatments_9_10__controls_6_8,,2,always_on_spikes,runtime_stress_variant,20261016,,,,,"[9,10]","[6,8]",available,5,,,,
linear-recovery-c2-compact/v1,occupancy,treatments_9_10__controls_9_10,,2,always_on_spikes,runtime_stress_variant,20261016,,,,,"[9,10]","[9,10]",unavailable,0,,,,
linear-recovery-c2-compact/v1,metric,,,3,periodic_on_off,runtime_stress_variant,20261017,any_sibling,differences,absolute_correlation_ge_0p9,,,,available,32,0,0.0,0.0,0.1071791982550706
linear-recovery-c2-compact/v1,metric,,,3,periodic_on_off,runtime_stress_variant,20261017,any_sibling,differences,absolute_correlation_ge_0p95,,,,available,32,0,0.0,0.0,0.1071791982550706
linear-recovery-c2-compact/v1,metric,,,3,periodic_on_off,runtime_stress_variant,20261017,any_sibling,differences,condition_ge_100p0,,,,available,32,0,0.0,0.0,0.1071791982550706
linear-recovery-c2-compact/v1,metric,,,3,periodic_on_off,runtime_stress_variant,20261017,any_sibling,differences,condition_ge_30p0,,,,available,32,3,0.09375,0.032401551298366194,0.24218154728387864
linear-recovery-c2-compact/v1,metric,,,3,periodic_on_off,runtime_stress_variant,20261017,any_sibling,differences,rank_deficient,,,,available,32,0,0.0,0.0,0.1071791982550706
linear-recovery-c2-compact/v1,metric,,,3,periodic_on_off,runtime_stress_variant,20261017,any_sibling,differences,vif_ge_10p0,,,,available,32,0,0.0,0.0,0.1071791982550706
linear-recovery-c2-compact/v1,metric,,,3,periodic_on_off,runtime_stress_variant,20261017,any_sibling,differences,vif_ge_5p0,,,,available,32,0,0.0,0.0,0.1071791982550706
linear-recovery-c2-compact/v1,metric,,,3,periodic_on_off,runtime_stress_variant,20261017,any_sibling,levels,absolute_correlation_ge_0p9,,,,available,32,0,0.0,0.0,0.1071791982550706
linear-recovery-c2-compact/v1,metric,,,3,periodic_on_off,runtime_stress_variant,20261017,any_sibling,levels,absolute_correlation_ge_0p95,,,,available,32,0,0.0,0.0,0.1071791982550706
linear-recovery-c2-compact/v1,metric,,,3,periodic_on_off,runtime_stress_variant,20261017,any_sibling,levels,condition_ge_100p0,,,,available,32,0,0.0,0.0,0.1071791982550706
linear-recovery-c2-compact/v1,metric,,,3,periodic_on_off,runtime_stress_variant,20261017,any_sibling,levels,condition_ge_30p0,,,,available,32,14,0.4375,0.2816533111504036,0.6067440886314801
linear-recovery-c2-compact/v1,metric,,,3,periodic_on_off,runtime_stress_variant,20261017,any_sibling,levels,rank_deficient,,,,available,32,0,0.0,0.0,0.1071791982550706
linear-recovery-c2-compact/v1,metric,,,3,periodic_on_off,runtime_stress_variant,20261017,any_sibling,levels,vif_ge_10p0,,,,available,32,0,0.0,0.0,0.1071791982550706
linear-recovery-c2-compact/v1,metric,,,3,periodic_on_off,runtime_stress_variant,20261017,any_sibling,levels,vif_ge_5p0,,,,available,32,2,0.0625,0.017310567031640967,0.2014712314415458
linear-recovery-c2-compact/v1,metric,,,3,periodic_on_off,runtime_stress_variant,20261017,first_world,differences,absolute_correlation_ge_0p9,,,,available,32,0,0.0,0.0,0.1071791982550706
linear-recovery-c2-compact/v1,metric,,,3,periodic_on_off,runtime_stress_variant,20261017,first_world,differences,absolute_correlation_ge_0p95,,,,available,32,0,0.0,0.0,0.1071791982550706
linear-recovery-c2-compact/v1,metric,,,3,periodic_on_off,runtime_stress_variant,20261017,first_world,differences,condition_ge_100p0,,,,available,32,0,0.0,0.0,0.1071791982550706
linear-recovery-c2-compact/v1,metric,,,3,periodic_on_off,runtime_stress_variant,20261017,first_world,differences,condition_ge_30p0,,,,available,32,2,0.0625,0.017310567031640967,0.2014712314415458
linear-recovery-c2-compact/v1,metric,,,3,periodic_on_off,runtime_stress_variant,20261017,first_world,differences,rank_deficient,,,,available,32,0,0.0,0.0,0.1071791982550706
linear-recovery-c2-compact/v1,metric,,,3,periodic_on_off,runtime_stress_variant,20261017,first_world,differences,vif_ge_10p0,,,,available,32,0,0.0,0.0,0.1071791982550706
linear-recovery-c2-compact/v1,metric,,,3,periodic_on_off,runtime_stress_variant,20261017,first_world,differences,vif_ge_5p0,,,,available,32,0,0.0,0.0,0.1071791982550706
linear-recovery-c2-compact/v1,metric,,,3,periodic_on_off,runtime_stress_variant,20261017,first_world,levels,absolute_correlation_ge_0p9,,,,available,32,0,0.0,0.0,0.1071791982550706
linear-recovery-c2-compact/v1,metric,,,3,periodic_on_off,runtime_stress_variant,20261017,first_world,levels,absolute_correlation_ge_0p95,,,,available,32,0,0.0,0.0,0.1071791982550706
linear-recovery-c2-compact/v1,metric,,,3,periodic_on_off,runtime_stress_variant,20261017,first_world,levels,condition_ge_100p0,,,,available,32,0,0.0,0.0,0.1071791982550706
linear-recovery-c2-compact/v1,metric,,,3,periodic_on_off,runtime_stress_variant,20261017,first_world,levels,condition_ge_30p0,,,,available,32,11,0.34375,0.20410437924433172,0.5168891202103778
linear-recovery-c2-compact/v1,metric,,,3,periodic_on_off,runtime_stress_variant,20261017,first_world,levels,rank_deficient,,,,available,32,0,0.0,0.0,0.1071791982550706
linear-recovery-c2-compact/v1,metric,,,3,periodic_on_off,runtime_stress_variant,20261017,first_world,levels,vif_ge_10p0,,,,available,32,0,0.0,0.0,0.1071791982550706
linear-recovery-c2-compact/v1,metric,,,3,periodic_on_off,runtime_stress_variant,20261017,first_world,levels,vif_ge_5p0,,,,available,32,2,0.0625,0.017310567031640967,0.2014712314415458
linear-recovery-c2-compact/v1,occupancy,treatments_1_2__controls_1_2,,3,periodic_on_off,runtime_stress_variant,20261017,,,,,"[1,2]","[1,2]",unavailable,0,,,,
linear-recovery-c2-compact/v1,occupancy,treatments_1_2__controls_3_5,,3,periodic_on_off,runtime_stress_variant,20261017,,,,,"[1,2]","[3,5]",available,2,,,,
linear-recovery-c2-compact/v1,occupancy,treatments_1_2__controls_6_8,,3,periodic_on_off,runtime_stress_variant,20261017,,,,,"[1,2]","[6,8]",available,2,,,,
linear-recovery-c2-compact/v1,occupancy,treatments_1_2__controls_9_10,,3,periodic_on_off,runtime_stress_variant,20261017,,,,,"[1,2]","[9,10]",available,1,,,,
linear-recovery-c2-compact/v1,occupancy,treatments_3_5__controls_1_2,,3,periodic_on_off,runtime_stress_variant,20261017,,,,,"[3,5]","[1,2]",available,2,,,,
linear-recovery-c2-compact/v1,occupancy,treatments_3_5__controls_3_5,,3,periodic_on_off,runtime_stress_variant,20261017,,,,,"[3,5]","[3,5]",available,4,,,,
linear-recovery-c2-compact/v1,occupancy,treatments_3_5__controls_6_8,,3,periodic_on_off,runtime_stress_variant,20261017,,,,,"[3,5]","[6,8]",available,3,,,,
linear-recovery-c2-compact/v1,occupancy,treatments_3_5__controls_9_10,,3,periodic_on_off,runtime_stress_variant,20261017,,,,,"[3,5]","[9,10]",available,2,,,,
linear-recovery-c2-compact/v1,occupancy,treatments_6_8__controls_1_2,,3,periodic_on_off,runtime_stress_variant,20261017,,,,,"[6,8]","[1,2]",available,2,,,,
linear-recovery-c2-compact/v1,occupancy,treatments_6_8__controls_3_5,,3,periodic_on_off,runtime_stress_variant,20261017,,,,,"[6,8]","[3,5]",available,2,,,,
linear-recovery-c2-compact/v1,occupancy,treatments_6_8__controls_6_8,,3,periodic_on_off,runtime_stress_variant,20261017,,,,,"[6,8]","[6,8]",available,3,,,,
linear-recovery-c2-compact/v1,occupancy,treatments_6_8__controls_9_10,,3,periodic_on_off,runtime_stress_variant,20261017,,,,,"[6,8]","[9,10]",unavailable,0,,,,
linear-recovery-c2-compact/v1,occupancy,treatments_9_10__controls_1_2,,3,periodic_on_off,runtime_stress_variant,20261017,,,,,"[9,10]","[1,2]",available,2,,,,
linear-recovery-c2-compact/v1,occupancy,treatments_9_10__controls_3_5,,3,periodic_on_off,runtime_stress_variant,20261017,,,,,"[9,10]","[3,5]",unavailable,0,,,,
linear-recovery-c2-compact/v1,occupancy,treatments_9_10__controls_6_8,,3,periodic_on_off,runtime_stress_variant,20261017,,,,,"[9,10]","[6,8]",available,4,,,,
linear-recovery-c2-compact/v1,occupancy,treatments_9_10__controls_9_10,,3,periodic_on_off,runtime_stress_variant,20261017,,,,,"[9,10]","[9,10]",available,3,,,,
linear-recovery-c2-compact/v1,metric,,,4,delayed_start,runtime_stress_variant,20261018,any_sibling,differences,absolute_correlation_ge_0p9,,,,available,32,2,0.0625,0.017310567031640967,0.2014712314415458
linear-recovery-c2-compact/v1,metric,,,4,delayed_start,runtime_stress_variant,20261018,any_sibling,differences,absolute_correlation_ge_0p95,,,,available,32,0,0.0,0.0,0.1071791982550706
linear-recovery-c2-compact/v1,metric,,,4,delayed_start,runtime_stress_variant,20261018,any_sibling,differences,condition_ge_100p0,,,,available,32,0,0.0,0.0,0.1071791982550706
linear-recovery-c2-compact/v1,metric,,,4,delayed_start,runtime_stress_variant,20261018,any_sibling,differences,condition_ge_30p0,,,,available,32,15,0.46875,0.30869387108068835,0.6355048288102536
linear-recovery-c2-compact/v1,metric,,,4,delayed_start,runtime_stress_variant,20261018,any_sibling,differences,rank_deficient,,,,available,32,0,0.0,0.0,0.1071791982550706
linear-recovery-c2-compact/v1,metric,,,4,delayed_start,runtime_stress_variant,20261018,any_sibling,differences,vif_ge_10p0,,,,available,32,0,0.0,0.0,0.1071791982550706
linear-recovery-c2-compact/v1,metric,,,4,delayed_start,runtime_stress_variant,20261018,any_sibling,differences,vif_ge_5p0,,,,available,32,4,0.125,0.04970134387480073,0.2806830548165022
linear-recovery-c2-compact/v1,metric,,,4,delayed_start,runtime_stress_variant,20261018,any_sibling,levels,absolute_correlation_ge_0p9,,,,available,32,2,0.0625,0.017310567031640967,0.2014712314415458
linear-recovery-c2-compact/v1,metric,,,4,delayed_start,runtime_stress_variant,20261018,any_sibling,levels,absolute_correlation_ge_0p95,,,,available,32,0,0.0,0.0,0.1071791982550706
linear-recovery-c2-compact/v1,metric,,,4,delayed_start,runtime_stress_variant,20261018,any_sibling,levels,condition_ge_100p0,,,,available,32,3,0.09375,0.032401551298366194,0.24218154728387864
linear-recovery-c2-compact/v1,metric,,,4,delayed_start,runtime_stress_variant,20261018,any_sibling,levels,condition_ge_30p0,,,,available,32,23,0.71875,0.5462549057408342,0.8443541950225723
linear-recovery-c2-compact/v1,metric,,,4,delayed_start,runtime_stress_variant,20261018,any_sibling,levels,rank_deficient,,,,available,32,0,0.0,0.0,0.1071791982550706
linear-recovery-c2-compact/v1,metric,,,4,delayed_start,runtime_stress_variant,20261018,any_sibling,levels,vif_ge_10p0,,,,available,32,4,0.125,0.04970134387480073,0.2806830548165022
linear-recovery-c2-compact/v1,metric,,,4,delayed_start,runtime_stress_variant,20261018,any_sibling,levels,vif_ge_5p0,,,,available,32,17,0.53125,0.3644951711897464,0.6913061289193116
linear-recovery-c2-compact/v1,metric,,,4,delayed_start,runtime_stress_variant,20261018,first_world,differences,absolute_correlation_ge_0p9,,,,available,32,1,0.03125,0.005537860164003122,0.15744263820012558
linear-recovery-c2-compact/v1,metric,,,4,delayed_start,runtime_stress_variant,20261018,first_world,differences,absolute_correlation_ge_0p95,,,,available,32,0,0.0,0.0,0.1071791982550706
linear-recovery-c2-compact/v1,metric,,,4,delayed_start,runtime_stress_variant,20261018,first_world,differences,condition_ge_100p0,,,,available,32,0,0.0,0.0,0.1071791982550706
linear-recovery-c2-compact/v1,metric,,,4,delayed_start,runtime_stress_variant,20261018,first_world,differences,condition_ge_30p0,,,,available,32,10,0.3125,0.17952541633609734,0.4856667830095541
linear-recovery-c2-compact/v1,metric,,,4,delayed_start,runtime_stress_variant,20261018,first_world,differences,rank_deficient,,,,available,32,0,0.0,0.0,0.1071791982550706
linear-recovery-c2-compact/v1,metric,,,4,delayed_start,runtime_stress_variant,20261018,first_world,differences,vif_ge_10p0,,,,available,32,0,0.0,0.0,0.1071791982550706
linear-recovery-c2-compact/v1,metric,,,4,delayed_start,runtime_stress_variant,20261018,first_world,differences,vif_ge_5p0,,,,available,32,1,0.03125,0.005537860164003122,0.15744263820012558
linear-recovery-c2-compact/v1,metric,,,4,delayed_start,runtime_stress_variant,20261018,first_world,levels,absolute_correlation_ge_0p9,,,,available,32,1,0.03125,0.005537860164003122,0.15744263820012558
linear-recovery-c2-compact/v1,metric,,,4,delayed_start,runtime_stress_variant,20261018,first_world,levels,absolute_correlation_ge_0p95,,,,available,32,0,0.0,0.0,0.1071791982550706
linear-recovery-c2-compact/v1,metric,,,4,delayed_start,runtime_stress_variant,20261018,first_world,levels,condition_ge_100p0,,,,available,32,2,0.0625,0.017310567031640967,0.2014712314415458
linear-recovery-c2-compact/v1,metric,,,4,delayed_start,runtime_stress_variant,20261018,first_world,levels,condition_ge_30p0,,,,available,32,15,0.46875,0.30869387108068835,0.6355048288102536
linear-recovery-c2-compact/v1,metric,,,4,delayed_start,runtime_stress_variant,20261018,first_world,levels,rank_deficient,,,,available,32,0,0.0,0.0,0.1071791982550706
linear-recovery-c2-compact/v1,metric,,,4,delayed_start,runtime_stress_variant,20261018,first_world,levels,vif_ge_10p0,,,,available,32,3,0.09375,0.032401551298366194,0.24218154728387864
linear-recovery-c2-compact/v1,metric,,,4,delayed_start,runtime_stress_variant,20261018,first_world,levels,vif_ge_5p0,,,,available,32,15,0.46875,0.30869387108068835,0.6355048288102536
linear-recovery-c2-compact/v1,occupancy,treatments_1_2__controls_1_2,,4,delayed_start,runtime_stress_variant,20261018,,,,,"[1,2]","[1,2]",available,1,,,,
linear-recovery-c2-compact/v1,occupancy,treatments_1_2__controls_3_5,,4,delayed_start,runtime_stress_variant,20261018,,,,,"[1,2]","[3,5]",available,2,,,,
linear-recovery-c2-compact/v1,occupancy,treatments_1_2__controls_6_8,,4,delayed_start,runtime_stress_variant,20261018,,,,,"[1,2]","[6,8]",unavailable,0,,,,
linear-recovery-c2-compact/v1,occupancy,treatments_1_2__controls_9_10,,4,delayed_start,runtime_stress_variant,20261018,,,,,"[1,2]","[9,10]",available,2,,,,
linear-recovery-c2-compact/v1,occupancy,treatments_3_5__controls_1_2,,4,delayed_start,runtime_stress_variant,20261018,,,,,"[3,5]","[1,2]",available,2,,,,
linear-recovery-c2-compact/v1,occupancy,treatments_3_5__controls_3_5,,4,delayed_start,runtime_stress_variant,20261018,,,,,"[3,5]","[3,5]",available,5,,,,
linear-recovery-c2-compact/v1,occupancy,treatments_3_5__controls_6_8,,4,delayed_start,runtime_stress_variant,20261018,,,,,"[3,5]","[6,8]",available,4,,,,
linear-recovery-c2-compact/v1,occupancy,treatments_3_5__controls_9_10,,4,delayed_start,runtime_stress_variant,20261018,,,,,"[3,5]","[9,10]",available,2,,,,
linear-recovery-c2-compact/v1,occupancy,treatments_6_8__controls_1_2,,4,delayed_start,runtime_stress_variant,20261018,,,,,"[6,8]","[1,2]",available,3,,,,
linear-recovery-c2-compact/v1,occupancy,treatments_6_8__controls_3_5,,4,delayed_start,runtime_stress_variant,20261018,,,,,"[6,8]","[3,5]",available,3,,,,
linear-recovery-c2-compact/v1,occupancy,treatments_6_8__controls_6_8,,4,delayed_start,runtime_stress_variant,20261018,,,,,"[6,8]","[6,8]",available,1,,,,
linear-recovery-c2-compact/v1,occupancy,treatments_6_8__controls_9_10,,4,delayed_start,runtime_stress_variant,20261018,,,,,"[6,8]","[9,10]",available,1,,,,
linear-recovery-c2-compact/v1,occupancy,treatments_9_10__controls_1_2,,4,delayed_start,runtime_stress_variant,20261018,,,,,"[9,10]","[1,2]",available,2,,,,
linear-recovery-c2-compact/v1,occupancy,treatments_9_10__controls_3_5,,4,delayed_start,runtime_stress_variant,20261018,,,,,"[9,10]","[3,5]",unavailable,0,,,,
linear-recovery-c2-compact/v1,occupancy,treatments_9_10__controls_6_8,,4,delayed_start,runtime_stress_variant,20261018,,,,,"[9,10]","[6,8]",available,3,,,,
linear-recovery-c2-compact/v1,occupancy,treatments_9_10__controls_9_10,,4,delayed_start,runtime_stress_variant,20261018,,,,,"[9,10]","[9,10]",available,1,,,,
linear-recovery-c2-compact/v1,metric,,,5,ramp_up,runtime_stress_variant,20261019,any_sibling,differences,absolute_correlation_ge_0p9,,,,available,32,6,0.1875,0.08889544689565954,0.3530915520137596
linear-recovery-c2-compact/v1,metric,,,5,ramp_up,runtime_stress_variant,20261019,any_sibling,differences,absolute_correlation_ge_0p95,,,,available,32,2,0.0625,0.017310567031640967,0.2014712314415458
linear-recovery-c2-compact/v1,metric,,,5,ramp_up,runtime_stress_variant,20261019,any_sibling,differences,condition_ge_100p0,,,,available,32,13,0.40625,0.2551963484266544,0.5773997512461713
linear-recovery-c2-compact/v1,metric,,,5,ramp_up,runtime_stress_variant,20261019,any_sibling,differences,condition_ge_30p0,,,,available,32,27,0.84375,0.682458504024696,0.9313557971749429
linear-recovery-c2-compact/v1,metric,,,5,ramp_up,runtime_stress_variant,20261019,any_sibling,differences,rank_deficient,,,,available,32,0,0.0,0.0,0.1071791982550706
linear-recovery-c2-compact/v1,metric,,,5,ramp_up,runtime_stress_variant,20261019,any_sibling,differences,vif_ge_10p0,,,,available,32,4,0.125,0.04970134387480073,0.2806830548165022
linear-recovery-c2-compact/v1,metric,,,5,ramp_up,runtime_stress_variant,20261019,any_sibling,differences,vif_ge_5p0,,,,available,32,10,0.3125,0.17952541633609734,0.4856667830095541
linear-recovery-c2-compact/v1,metric,,,5,ramp_up,runtime_stress_variant,20261019,any_sibling,levels,absolute_correlation_ge_0p9,,,,available,32,21,0.65625,0.4831108797896222,0.7958956207556682
linear-recovery-c2-compact/v1,metric,,,5,ramp_up,runtime_stress_variant,20261019,any_sibling,levels,absolute_correlation_ge_0p95,,,,available,32,10,0.3125,0.17952541633609734,0.4856667830095541
linear-recovery-c2-compact/v1,metric,,,5,ramp_up,runtime_stress_variant,20261019,any_sibling,levels,condition_ge_100p0,,,,available,32,26,0.8125,0.6469084479862404,0.9111045531043405
linear-recovery-c2-compact/v1,metric,,,5,ramp_up,runtime_stress_variant,20261019,any_sibling,levels,condition_ge_30p0,,,,available,32,32,1.0,0.8928208017449293,1.0
linear-recovery-c2-compact/v1,metric,,,5,ramp_up,runtime_stress_variant,20261019,any_sibling,levels,rank_deficient,,,,available,32,0,0.0,0.0,0.1071791982550706
linear-recovery-c2-compact/v1,metric,,,5,ramp_up,runtime_stress_variant,20261019,any_sibling,levels,vif_ge_10p0,,,,available,32,24,0.75,0.5789344100575552,0.8674759908149096
linear-recovery-c2-compact/v1,metric,,,5,ramp_up,runtime_stress_variant,20261019,any_sibling,levels,vif_ge_5p0,,,,available,32,30,0.9375,0.7985287685584542,0.982689432968359
linear-recovery-c2-compact/v1,metric,,,5,ramp_up,runtime_stress_variant,20261019,first_world,differences,absolute_correlation_ge_0p9,,,,available,32,4,0.125,0.04970134387480073,0.2806830548165022
linear-recovery-c2-compact/v1,metric,,,5,ramp_up,runtime_stress_variant,20261019,first_world,differences,absolute_correlation_ge_0p95,,,,available,32,1,0.03125,0.005537860164003122,0.15744263820012558
linear-recovery-c2-compact/v1,metric,,,5,ramp_up,runtime_stress_variant,20261019,first_world,differences,condition_ge_100p0,,,,available,32,8,0.25,0.1325240091850904,0.4210655899424448
linear-recovery-c2-compact/v1,metric,,,5,ramp_up,runtime_stress_variant,20261019,first_world,differences,condition_ge_30p0,,,,available,32,24,0.75,0.5789344100575552,0.8674759908149096
linear-recovery-c2-compact/v1,metric,,,5,ramp_up,runtime_stress_variant,20261019,first_world,differences,rank_deficient,,,,available,32,0,0.0,0.0,0.1071791982550706
linear-recovery-c2-compact/v1,metric,,,5,ramp_up,runtime_stress_variant,20261019,first_world,differences,vif_ge_10p0,,,,available,32,2,0.0625,0.017310567031640967,0.2014712314415458
linear-recovery-c2-compact/v1,metric,,,5,ramp_up,runtime_stress_variant,20261019,first_world,differences,vif_ge_5p0,,,,available,32,6,0.1875,0.08889544689565954,0.3530915520137596
linear-recovery-c2-compact/v1,metric,,,5,ramp_up,runtime_stress_variant,20261019,first_world,levels,absolute_correlation_ge_0p9,,,,available,32,14,0.4375,0.2816533111504036,0.6067440886314801
linear-recovery-c2-compact/v1,metric,,,5,ramp_up,runtime_stress_variant,20261019,first_world,levels,absolute_correlation_ge_0p95,,,,available,32,7,0.21875,0.11023836252604186,0.3875499364924353
linear-recovery-c2-compact/v1,metric,,,5,ramp_up,runtime_stress_variant,20261019,first_world,levels,condition_ge_100p0,,,,available,32,24,0.75,0.5789344100575552,0.8674759908149096
linear-recovery-c2-compact/v1,metric,,,5,ramp_up,runtime_stress_variant,20261019,first_world,levels,condition_ge_30p0,,,,available,32,31,0.96875,0.8425573617998744,0.9944621398359969
linear-recovery-c2-compact/v1,metric,,,5,ramp_up,runtime_stress_variant,20261019,first_world,levels,rank_deficient,,,,available,32,0,0.0,0.0,0.1071791982550706
linear-recovery-c2-compact/v1,metric,,,5,ramp_up,runtime_stress_variant,20261019,first_world,levels,vif_ge_10p0,,,,available,32,18,0.5625,0.3932559113685198,0.7183466888495963
linear-recovery-c2-compact/v1,metric,,,5,ramp_up,runtime_stress_variant,20261019,first_world,levels,vif_ge_5p0,,,,available,32,27,0.84375,0.682458504024696,0.9313557971749429
linear-recovery-c2-compact/v1,occupancy,treatments_1_2__controls_1_2,,5,ramp_up,runtime_stress_variant,20261019,,,,,"[1,2]","[1,2]",available,2,,,,
linear-recovery-c2-compact/v1,occupancy,treatments_1_2__controls_3_5,,5,ramp_up,runtime_stress_variant,20261019,,,,,"[1,2]","[3,5]",available,1,,,,
linear-recovery-c2-compact/v1,occupancy,treatments_1_2__controls_6_8,,5,ramp_up,runtime_stress_variant,20261019,,,,,"[1,2]","[6,8]",available,2,,,,
linear-recovery-c2-compact/v1,occupancy,treatments_1_2__controls_9_10,,5,ramp_up,runtime_stress_variant,20261019,,,,,"[1,2]","[9,10]",available,2,,,,
linear-recovery-c2-compact/v1,occupancy,treatments_3_5__controls_1_2,,5,ramp_up,runtime_stress_variant,20261019,,,,,"[3,5]","[1,2]",available,1,,,,
linear-recovery-c2-compact/v1,occupancy,treatments_3_5__controls_3_5,,5,ramp_up,runtime_stress_variant,20261019,,,,,"[3,5]","[3,5]",available,4,,,,
linear-recovery-c2-compact/v1,occupancy,treatments_3_5__controls_6_8,,5,ramp_up,runtime_stress_variant,20261019,,,,,"[3,5]","[6,8]",available,2,,,,
linear-recovery-c2-compact/v1,occupancy,treatments_3_5__controls_9_10,,5,ramp_up,runtime_stress_variant,20261019,,,,,"[3,5]","[9,10]",available,1,,,,
linear-recovery-c2-compact/v1,occupancy,treatments_6_8__controls_1_2,,5,ramp_up,runtime_stress_variant,20261019,,,,,"[6,8]","[1,2]",available,1,,,,
linear-recovery-c2-compact/v1,occupancy,treatments_6_8__controls_3_5,,5,ramp_up,runtime_stress_variant,20261019,,,,,"[6,8]","[3,5]",available,2,,,,
linear-recovery-c2-compact/v1,occupancy,treatments_6_8__controls_6_8,,5,ramp_up,runtime_stress_variant,20261019,,,,,"[6,8]","[6,8]",available,3,,,,
linear-recovery-c2-compact/v1,occupancy,treatments_6_8__controls_9_10,,5,ramp_up,runtime_stress_variant,20261019,,,,,"[6,8]","[9,10]",available,3,,,,
linear-recovery-c2-compact/v1,occupancy,treatments_9_10__controls_1_2,,5,ramp_up,runtime_stress_variant,20261019,,,,,"[9,10]","[1,2]",available,1,,,,
linear-recovery-c2-compact/v1,occupancy,treatments_9_10__controls_3_5,,5,ramp_up,runtime_stress_variant,20261019,,,,,"[9,10]","[3,5]",available,3,,,,
linear-recovery-c2-compact/v1,occupancy,treatments_9_10__controls_6_8,,5,ramp_up,runtime_stress_variant,20261019,,,,,"[9,10]","[6,8]",available,1,,,,
linear-recovery-c2-compact/v1,occupancy,treatments_9_10__controls_9_10,,5,ramp_up,runtime_stress_variant,20261019,,,,,"[9,10]","[9,10]",available,3,,,,
linear-recovery-c2-compact/v1,metric,,,6,decay_to_zero,runtime_stress_variant,20261020,any_sibling,differences,absolute_correlation_ge_0p9,,,,available,32,0,0.0,0.0,0.1071791982550706
linear-recovery-c2-compact/v1,metric,,,6,decay_to_zero,runtime_stress_variant,20261020,any_sibling,differences,absolute_correlation_ge_0p95,,,,available,32,0,0.0,0.0,0.1071791982550706
linear-recovery-c2-compact/v1,metric,,,6,decay_to_zero,runtime_stress_variant,20261020,any_sibling,differences,condition_ge_100p0,,,,available,32,0,0.0,0.0,0.1071791982550706
linear-recovery-c2-compact/v1,metric,,,6,decay_to_zero,runtime_stress_variant,20261020,any_sibling,differences,condition_ge_30p0,,,,available,32,9,0.28125,0.15564580497742764,0.45374509425916565
linear-recovery-c2-compact/v1,metric,,,6,decay_to_zero,runtime_stress_variant,20261020,any_sibling,differences,rank_deficient,,,,available,32,0,0.0,0.0,0.1071791982550706
linear-recovery-c2-compact/v1,metric,,,6,decay_to_zero,runtime_stress_variant,20261020,any_sibling,differences,vif_ge_10p0,,,,available,32,0,0.0,0.0,0.1071791982550706
linear-recovery-c2-compact/v1,metric,,,6,decay_to_zero,runtime_stress_variant,20261020,any_sibling,differences,vif_ge_5p0,,,,available,32,0,0.0,0.0,0.1071791982550706
linear-recovery-c2-compact/v1,metric,,,6,decay_to_zero,runtime_stress_variant,20261020,any_sibling,levels,absolute_correlation_ge_0p9,,,,available,32,7,0.21875,0.11023836252604186,0.3875499364924353
linear-recovery-c2-compact/v1,metric,,,6,decay_to_zero,runtime_stress_variant,20261020,any_sibling,levels,absolute_correlation_ge_0p95,,,,available,32,0,0.0,0.0,0.1071791982550706
linear-recovery-c2-compact/v1,metric,,,6,decay_to_zero,runtime_stress_variant,20261020,any_sibling,levels,condition_ge_100p0,,,,available,32,1,0.03125,0.005537860164003122,0.15744263820012558
linear-recovery-c2-compact/v1,metric,,,6,decay_to_zero,runtime_stress_variant,20261020,any_sibling,levels,condition_ge_30p0,,,,available,32,21,0.65625,0.4831108797896222,0.7958956207556682
linear-recovery-c2-compact/v1,metric,,,6,decay_to_zero,runtime_stress_variant,20261020,any_sibling,levels,rank_deficient,,,,available,32,0,0.0,0.0,0.1071791982550706
linear-recovery-c2-compact/v1,metric,,,6,decay_to_zero,runtime_stress_variant,20261020,any_sibling,levels,vif_ge_10p0,,,,available,32,11,0.34375,0.20410437924433172,0.5168891202103778
linear-recovery-c2-compact/v1,metric,,,6,decay_to_zero,runtime_stress_variant,20261020,any_sibling,levels,vif_ge_5p0,,,,available,32,23,0.71875,0.5462549057408342,0.8443541950225723
linear-recovery-c2-compact/v1,metric,,,6,decay_to_zero,runtime_stress_variant,20261020,first_world,differences,absolute_correlation_ge_0p9,,,,available,32,0,0.0,0.0,0.1071791982550706
linear-recovery-c2-compact/v1,metric,,,6,decay_to_zero,runtime_stress_variant,20261020,first_world,differences,absolute_correlation_ge_0p95,,,,available,32,0,0.0,0.0,0.1071791982550706
linear-recovery-c2-compact/v1,metric,,,6,decay_to_zero,runtime_stress_variant,20261020,first_world,differences,condition_ge_100p0,,,,available,32,0,0.0,0.0,0.1071791982550706
linear-recovery-c2-compact/v1,metric,,,6,decay_to_zero,runtime_stress_variant,20261020,first_world,differences,condition_ge_30p0,,,,available,32,5,0.15625,0.0686442028250571,0.3175414959753039
linear-recovery-c2-compact/v1,metric,,,6,decay_to_zero,runtime_stress_variant,20261020,first_world,differences,rank_deficient,,,,available,32,0,0.0,0.0,0.1071791982550706
linear-recovery-c2-compact/v1,metric,,,6,decay_to_zero,runtime_stress_variant,20261020,first_world,differences,vif_ge_10p0,,,,available,32,0,0.0,0.0,0.1071791982550706
linear-recovery-c2-compact/v1,metric,,,6,decay_to_zero,runtime_stress_variant,20261020,first_world,differences,vif_ge_5p0,,,,available,32,0,0.0,0.0,0.1071791982550706
linear-recovery-c2-compact/v1,metric,,,6,decay_to_zero,runtime_stress_variant,20261020,first_world,levels,absolute_correlation_ge_0p9,,,,available,32,1,0.03125,0.005537860164003122,0.15744263820012558
linear-recovery-c2-compact/v1,metric,,,6,decay_to_zero,runtime_stress_variant,20261020,first_world,levels,absolute_correlation_ge_0p95,,,,available,32,0,0.0,0.0,0.1071791982550706
linear-recovery-c2-compact/v1,metric,,,6,decay_to_zero,runtime_stress_variant,20261020,first_world,levels,condition_ge_100p0,,,,available,32,1,0.03125,0.005537860164003122,0.15744263820012558
linear-recovery-c2-compact/v1,metric,,,6,decay_to_zero,runtime_stress_variant,20261020,first_world,levels,condition_ge_30p0,,,,available,32,16,0.5,0.33630882869327483,0.6636911713067252
linear-recovery-c2-compact/v1,metric,,,6,decay_to_zero,runtime_stress_variant,20261020,first_world,levels,rank_deficient,,,,available,32,0,0.0,0.0,0.1071791982550706
linear-recovery-c2-compact/v1,metric,,,6,decay_to_zero,runtime_stress_variant,20261020,first_world,levels,vif_ge_10p0,,,,available,32,5,0.15625,0.0686442028250571,0.3175414959753039
linear-recovery-c2-compact/v1,metric,,,6,decay_to_zero,runtime_stress_variant,20261020,first_world,levels,vif_ge_5p0,,,,available,32,18,0.5625,0.3932559113685198,0.7183466888495963
linear-recovery-c2-compact/v1,occupancy,treatments_1_2__controls_1_2,,6,decay_to_zero,runtime_stress_variant,20261020,,,,,"[1,2]","[1,2]",available,1,,,,
linear-recovery-c2-compact/v1,occupancy,treatments_1_2__controls_3_5,,6,decay_to_zero,runtime_stress_variant,20261020,,,,,"[1,2]","[3,5]",available,1,,,,
linear-recovery-c2-compact/v1,occupancy,treatments_1_2__controls_6_8,,6,decay_to_zero,runtime_stress_variant,20261020,,,,,"[1,2]","[6,8]",available,3,,,,
linear-recovery-c2-compact/v1,occupancy,treatments_1_2__controls_9_10,,6,decay_to_zero,runtime_stress_variant,20261020,,,,,"[1,2]","[9,10]",unavailable,0,,,,
linear-recovery-c2-compact/v1,occupancy,treatments_3_5__controls_1_2,,6,decay_to_zero,runtime_stress_variant,20261020,,,,,"[3,5]","[1,2]",available,3,,,,
linear-recovery-c2-compact/v1,occupancy,treatments_3_5__controls_3_5,,6,decay_to_zero,runtime_stress_variant,20261020,,,,,"[3,5]","[3,5]",available,1,,,,
linear-recovery-c2-compact/v1,occupancy,treatments_3_5__controls_6_8,,6,decay_to_zero,runtime_stress_variant,20261020,,,,,"[3,5]","[6,8]",available,2,,,,
linear-recovery-c2-compact/v1,occupancy,treatments_3_5__controls_9_10,,6,decay_to_zero,runtime_stress_variant,20261020,,,,,"[3,5]","[9,10]",available,2,,,,
linear-recovery-c2-compact/v1,occupancy,treatments_6_8__controls_1_2,,6,decay_to_zero,runtime_stress_variant,20261020,,,,,"[6,8]","[1,2]",available,2,,,,
linear-recovery-c2-compact/v1,occupancy,treatments_6_8__controls_3_5,,6,decay_to_zero,runtime_stress_variant,20261020,,,,,"[6,8]","[3,5]",available,3,,,,
linear-recovery-c2-compact/v1,occupancy,treatments_6_8__controls_6_8,,6,decay_to_zero,runtime_stress_variant,20261020,,,,,"[6,8]","[6,8]",available,5,,,,
linear-recovery-c2-compact/v1,occupancy,treatments_6_8__controls_9_10,,6,decay_to_zero,runtime_stress_variant,20261020,,,,,"[6,8]","[9,10]",available,2,,,,
linear-recovery-c2-compact/v1,occupancy,treatments_9_10__controls_1_2,,6,decay_to_zero,runtime_stress_variant,20261020,,,,,"[9,10]","[1,2]",unavailable,0,,,,
linear-recovery-c2-compact/v1,occupancy,treatments_9_10__controls_3_5,,6,decay_to_zero,runtime_stress_variant,20261020,,,,,"[9,10]","[3,5]",available,1,,,,
linear-recovery-c2-compact/v1,occupancy,treatments_9_10__controls_6_8,,6,decay_to_zero,runtime_stress_variant,20261020,,,,,"[9,10]","[6,8]",available,1,,,,
linear-recovery-c2-compact/v1,occupancy,treatments_9_10__controls_9_10,,6,decay_to_zero,runtime_stress_variant,20261020,,,,,"[9,10]","[9,10]",available,5,,,,
linear-recovery-c2-compact/v1,metric,,,7,level_doubling,runtime_stress_variant,20261021,any_sibling,differences,absolute_correlation_ge_0p9,,,,available,32,8,0.25,0.1325240091850904,0.4210655899424448
linear-recovery-c2-compact/v1,metric,,,7,level_doubling,runtime_stress_variant,20261021,any_sibling,differences,absolute_correlation_ge_0p95,,,,available,32,7,0.21875,0.11023836252604186,0.3875499364924353
linear-recovery-c2-compact/v1,metric,,,7,level_doubling,runtime_stress_variant,20261021,any_sibling,differences,condition_ge_100p0,,,,available,32,9,0.28125,0.15564580497742764,0.45374509425916565
linear-recovery-c2-compact/v1,metric,,,7,level_doubling,runtime_stress_variant,20261021,any_sibling,differences,condition_ge_30p0,,,,available,32,32,1.0,0.8928208017449293,1.0
linear-recovery-c2-compact/v1,metric,,,7,level_doubling,runtime_stress_variant,20261021,any_sibling,differences,rank_deficient,,,,available,32,0,0.0,0.0,0.1071791982550706
linear-recovery-c2-compact/v1,metric,,,7,level_doubling,runtime_stress_variant,20261021,any_sibling,differences,vif_ge_10p0,,,,available,32,7,0.21875,0.11023836252604186,0.3875499364924353
linear-recovery-c2-compact/v1,metric,,,7,level_doubling,runtime_stress_variant,20261021,any_sibling,differences,vif_ge_5p0,,,,available,32,8,0.25,0.1325240091850904,0.4210655899424448
linear-recovery-c2-compact/v1,metric,,,7,level_doubling,runtime_stress_variant,20261021,any_sibling,levels,absolute_correlation_ge_0p9,,,,available,32,21,0.65625,0.4831108797896222,0.7958956207556682
linear-recovery-c2-compact/v1,metric,,,7,level_doubling,runtime_stress_variant,20261021,any_sibling,levels,absolute_correlation_ge_0p95,,,,available,32,13,0.40625,0.2551963484266544,0.5773997512461713
linear-recovery-c2-compact/v1,metric,,,7,level_doubling,runtime_stress_variant,20261021,any_sibling,levels,condition_ge_100p0,,,,available,32,28,0.875,0.7193169451834978,0.9502986561251991
linear-recovery-c2-compact/v1,metric,,,7,level_doubling,runtime_stress_variant,20261021,any_sibling,levels,condition_ge_30p0,,,,available,32,32,1.0,0.8928208017449293,1.0
linear-recovery-c2-compact/v1,metric,,,7,level_doubling,runtime_stress_variant,20261021,any_sibling,levels,rank_deficient,,,,available,32,0,0.0,0.0,0.1071791982550706
linear-recovery-c2-compact/v1,metric,,,7,level_doubling,runtime_stress_variant,20261021,any_sibling,levels,vif_ge_10p0,,,,available,32,21,0.65625,0.4831108797896222,0.7958956207556682
linear-recovery-c2-compact/v1,metric,,,7,level_doubling,runtime_stress_variant,20261021,any_sibling,levels,vif_ge_5p0,,,,available,32,26,0.8125,0.6469084479862404,0.9111045531043405
linear-recovery-c2-compact/v1,metric,,,7,level_doubling,runtime_stress_variant,20261021,first_world,differences,absolute_correlation_ge_0p9,,,,available,32,4,0.125,0.04970134387480073,0.2806830548165022
linear-recovery-c2-compact/v1,metric,,,7,level_doubling,runtime_stress_variant,20261021,first_world,differences,absolute_correlation_ge_0p95,,,,available,32,3,0.09375,0.032401551298366194,0.24218154728387864
linear-recovery-c2-compact/v1,metric,,,7,level_doubling,runtime_stress_variant,20261021,first_world,differences,condition_ge_100p0,,,,available,32,5,0.15625,0.0686442028250571,0.3175414959753039
linear-recovery-c2-compact/v1,metric,,,7,level_doubling,runtime_stress_variant,20261021,first_world,differences,condition_ge_30p0,,,,available,32,27,0.84375,0.682458504024696,0.9313557971749429
linear-recovery-c2-compact/v1,metric,,,7,level_doubling,runtime_stress_variant,20261021,first_world,differences,rank_deficient,,,,available,32,0,0.0,0.0,0.1071791982550706
linear-recovery-c2-compact/v1,metric,,,7,level_doubling,runtime_stress_variant,20261021,first_world,differences,vif_ge_10p0,,,,available,32,3,0.09375,0.032401551298366194,0.24218154728387864
linear-recovery-c2-compact/v1,metric,,,7,level_doubling,runtime_stress_variant,20261021,first_world,differences,vif_ge_5p0,,,,available,32,5,0.15625,0.0686442028250571,0.3175414959753039
linear-recovery-c2-compact/v1,metric,,,7,level_doubling,runtime_stress_variant,20261021,first_world,levels,absolute_correlation_ge_0p9,,,,available,32,15,0.46875,0.30869387108068835,0.6355048288102536
linear-recovery-c2-compact/v1,metric,,,7,level_doubling,runtime_stress_variant,20261021,first_world,levels,absolute_correlation_ge_0p95,,,,available,32,7,0.21875,0.11023836252604186,0.3875499364924353
linear-recovery-c2-compact/v1,metric,,,7,level_doubling,runtime_stress_variant,20261021,first_world,levels,condition_ge_100p0,,,,available,32,27,0.84375,0.682458504024696,0.9313557971749429
linear-recovery-c2-compact/v1,metric,,,7,level_doubling,runtime_stress_variant,20261021,first_world,levels,condition_ge_30p0,,,,available,32,32,1.0,0.8928208017449293,1.0
linear-recovery-c2-compact/v1,metric,,,7,level_doubling,runtime_stress_variant,20261021,first_world,levels,rank_deficient,,,,available,32,0,0.0,0.0,0.1071791982550706
linear-recovery-c2-compact/v1,metric,,,7,level_doubling,runtime_stress_variant,20261021,first_world,levels,vif_ge_10p0,,,,available,32,16,0.5,0.33630882869327483,0.6636911713067252
linear-recovery-c2-compact/v1,metric,,,7,level_doubling,runtime_stress_variant,20261021,first_world,levels,vif_ge_5p0,,,,available,32,22,0.6875,0.5143332169904459,0.8204745836639026
linear-recovery-c2-compact/v1,occupancy,treatments_1_2__controls_1_2,,7,level_doubling,runtime_stress_variant,20261021,,,,,"[1,2]","[1,2]",available,1,,,,
linear-recovery-c2-compact/v1,occupancy,treatments_1_2__controls_3_5,,7,level_doubling,runtime_stress_variant,20261021,,,,,"[1,2]","[3,5]",available,6,,,,
linear-recovery-c2-compact/v1,occupancy,treatments_1_2__controls_6_8,,7,level_doubling,runtime_stress_variant,20261021,,,,,"[1,2]","[6,8]",available,3,,,,
linear-recovery-c2-compact/v1,occupancy,treatments_1_2__controls_9_10,,7,level_doubling,runtime_stress_variant,20261021,,,,,"[1,2]","[9,10]",unavailable,0,,,,
linear-recovery-c2-compact/v1,occupancy,treatments_3_5__controls_1_2,,7,level_doubling,runtime_stress_variant,20261021,,,,,"[3,5]","[1,2]",available,1,,,,
linear-recovery-c2-compact/v1,occupancy,treatments_3_5__controls_3_5,,7,level_doubling,runtime_stress_variant,20261021,,,,,"[3,5]","[3,5]",available,1,,,,
linear-recovery-c2-compact/v1,occupancy,treatments_3_5__controls_6_8,,7,level_doubling,runtime_stress_variant,20261021,,,,,"[3,5]","[6,8]",available,2,,,,
linear-recovery-c2-compact/v1,occupancy,treatments_3_5__controls_9_10,,7,level_doubling,runtime_stress_variant,20261021,,,,,"[3,5]","[9,10]",unavailable,0,,,,
linear-recovery-c2-compact/v1,occupancy,treatments_6_8__controls_1_2,,7,level_doubling,runtime_stress_variant,20261021,,,,,"[6,8]","[1,2]",unavailable,0,,,,
linear-recovery-c2-compact/v1,occupancy,treatments_6_8__controls_3_5,,7,level_doubling,runtime_stress_variant,20261021,,,,,"[6,8]","[3,5]",available,6,,,,
linear-recovery-c2-compact/v1,occupancy,treatments_6_8__controls_6_8,,7,level_doubling,runtime_stress_variant,20261021,,,,,"[6,8]","[6,8]",available,4,,,,
linear-recovery-c2-compact/v1,occupancy,treatments_6_8__controls_9_10,,7,level_doubling,runtime_stress_variant,20261021,,,,,"[6,8]","[9,10]",unavailable,0,,,,
linear-recovery-c2-compact/v1,occupancy,treatments_9_10__controls_1_2,,7,level_doubling,runtime_stress_variant,20261021,,,,,"[9,10]","[1,2]",available,2,,,,
linear-recovery-c2-compact/v1,occupancy,treatments_9_10__controls_3_5,,7,level_doubling,runtime_stress_variant,20261021,,,,,"[9,10]","[3,5]",available,2,,,,
linear-recovery-c2-compact/v1,occupancy,treatments_9_10__controls_6_8,,7,level_doubling,runtime_stress_variant,20261021,,,,,"[9,10]","[6,8]",available,3,,,,
linear-recovery-c2-compact/v1,occupancy,treatments_9_10__controls_9_10,,7,level_doubling,runtime_stress_variant,20261021,,,,,"[9,10]","[9,10]",available,1,,,,
linear-recovery-c2-compact/v1,metric,,,8,seasonal,runtime_stress_variant,20261022,any_sibling,differences,absolute_correlation_ge_0p9,,,,available,32,3,0.09375,0.032401551298366194,0.24218154728387864
linear-recovery-c2-compact/v1,metric,,,8,seasonal,runtime_stress_variant,20261022,any_sibling,differences,absolute_correlation_ge_0p95,,,,available,32,1,0.03125,0.005537860164003122,0.15744263820012558
linear-recovery-c2-compact/v1,metric,,,8,seasonal,runtime_stress_variant,20261022,any_sibling,differences,condition_ge_100p0,,,,available,32,1,0.03125,0.005537860164003122,0.15744263820012558
linear-recovery-c2-compact/v1,metric,,,8,seasonal,runtime_stress_variant,20261022,any_sibling,differences,condition_ge_30p0,,,,available,32,23,0.71875,0.5462549057408342,0.8443541950225723
linear-recovery-c2-compact/v1,metric,,,8,seasonal,runtime_stress_variant,20261022,any_sibling,differences,rank_deficient,,,,available,32,0,0.0,0.0,0.1071791982550706
linear-recovery-c2-compact/v1,metric,,,8,seasonal,runtime_stress_variant,20261022,any_sibling,differences,vif_ge_10p0,,,,available,32,3,0.09375,0.032401551298366194,0.24218154728387864
linear-recovery-c2-compact/v1,metric,,,8,seasonal,runtime_stress_variant,20261022,any_sibling,differences,vif_ge_5p0,,,,available,32,5,0.15625,0.0686442028250571,0.3175414959753039
linear-recovery-c2-compact/v1,metric,,,8,seasonal,runtime_stress_variant,20261022,any_sibling,levels,absolute_correlation_ge_0p9,,,,available,32,6,0.1875,0.08889544689565954,0.3530915520137596
linear-recovery-c2-compact/v1,metric,,,8,seasonal,runtime_stress_variant,20261022,any_sibling,levels,absolute_correlation_ge_0p95,,,,available,32,2,0.0625,0.017310567031640967,0.2014712314415458
linear-recovery-c2-compact/v1,metric,,,8,seasonal,runtime_stress_variant,20261022,any_sibling,levels,condition_ge_100p0,,,,available,32,14,0.4375,0.2816533111504036,0.6067440886314801
linear-recovery-c2-compact/v1,metric,,,8,seasonal,runtime_stress_variant,20261022,any_sibling,levels,condition_ge_30p0,,,,available,32,29,0.90625,0.7578184527161212,0.9675984487016337
linear-recovery-c2-compact/v1,metric,,,8,seasonal,runtime_stress_variant,20261022,any_sibling,levels,rank_deficient,,,,available,32,0,0.0,0.0,0.1071791982550706
linear-recovery-c2-compact/v1,metric,,,8,seasonal,runtime_stress_variant,20261022,any_sibling,levels,vif_ge_10p0,,,,available,32,13,0.40625,0.2551963484266544,0.5773997512461713
linear-recovery-c2-compact/v1,metric,,,8,seasonal,runtime_stress_variant,20261022,any_sibling,levels,vif_ge_5p0,,,,available,32,25,0.78125,0.6124500635075647,0.8897616374739581
linear-recovery-c2-compact/v1,metric,,,8,seasonal,runtime_stress_variant,20261022,first_world,differences,absolute_correlation_ge_0p9,,,,available,32,0,0.0,0.0,0.1071791982550706
linear-recovery-c2-compact/v1,metric,,,8,seasonal,runtime_stress_variant,20261022,first_world,differences,absolute_correlation_ge_0p95,,,,available,32,0,0.0,0.0,0.1071791982550706
linear-recovery-c2-compact/v1,metric,,,8,seasonal,runtime_stress_variant,20261022,first_world,differences,condition_ge_100p0,,,,available,32,0,0.0,0.0,0.1071791982550706
linear-recovery-c2-compact/v1,metric,,,8,seasonal,runtime_stress_variant,20261022,first_world,differences,condition_ge_30p0,,,,available,32,15,0.46875,0.30869387108068835,0.6355048288102536
linear-recovery-c2-compact/v1,metric,,,8,seasonal,runtime_stress_variant,20261022,first_world,differences,rank_deficient,,,,available,32,0,0.0,0.0,0.1071791982550706
linear-recovery-c2-compact/v1,metric,,,8,seasonal,runtime_stress_variant,20261022,first_world,differences,vif_ge_10p0,,,,available,32,1,0.03125,0.005537860164003122,0.15744263820012558
linear-recovery-c2-compact/v1,metric,,,8,seasonal,runtime_stress_variant,20261022,first_world,differences,vif_ge_5p0,,,,available,32,2,0.0625,0.017310567031640967,0.2014712314415458
linear-recovery-c2-compact/v1,metric,,,8,seasonal,runtime_stress_variant,20261022,first_world,levels,absolute_correlation_ge_0p9,,,,available,32,4,0.125,0.04970134387480073,0.2806830548165022
linear-recovery-c2-compact/v1,metric,,,8,seasonal,runtime_stress_variant,20261022,first_world,levels,absolute_correlation_ge_0p95,,,,available,32,2,0.0625,0.017310567031640967,0.2014712314415458
linear-recovery-c2-compact/v1,metric,,,8,seasonal,runtime_stress_variant,20261022,first_world,levels,condition_ge_100p0,,,,available,32,12,0.375,0.22933887309454212,0.5474559264692255
linear-recovery-c2-compact/v1,metric,,,8,seasonal,runtime_stress_variant,20261022,first_world,levels,condition_ge_30p0,,,,available,32,27,0.84375,0.682458504024696,0.9313557971749429
linear-recovery-c2-compact/v1,metric,,,8,seasonal,runtime_stress_variant,20261022,first_world,levels,rank_deficient,,,,available,32,0,0.0,0.0,0.1071791982550706
linear-recovery-c2-compact/v1,metric,,,8,seasonal,runtime_stress_variant,20261022,first_world,levels,vif_ge_10p0,,,,available,32,8,0.25,0.1325240091850904,0.4210655899424448
linear-recovery-c2-compact/v1,metric,,,8,seasonal,runtime_stress_variant,20261022,first_world,levels,vif_ge_5p0,,,,available,32,23,0.71875,0.5462549057408342,0.8443541950225723
linear-recovery-c2-compact/v1,occupancy,treatments_1_2__controls_1_2,,8,seasonal,runtime_stress_variant,20261022,,,,,"[1,2]","[1,2]",available,3,,,,
linear-recovery-c2-compact/v1,occupancy,treatments_1_2__controls_3_5,,8,seasonal,runtime_stress_variant,20261022,,,,,"[1,2]","[3,5]",unavailable,0,,,,
linear-recovery-c2-compact/v1,occupancy,treatments_1_2__controls_6_8,,8,seasonal,runtime_stress_variant,20261022,,,,,"[1,2]","[6,8]",available,4,,,,
linear-recovery-c2-compact/v1,occupancy,treatments_1_2__controls_9_10,,8,seasonal,runtime_stress_variant,20261022,,,,,"[1,2]","[9,10]",available,1,,,,
linear-recovery-c2-compact/v1,occupancy,treatments_3_5__controls_1_2,,8,seasonal,runtime_stress_variant,20261022,,,,,"[3,5]","[1,2]",available,2,,,,
linear-recovery-c2-compact/v1,occupancy,treatments_3_5__controls_3_5,,8,seasonal,runtime_stress_variant,20261022,,,,,"[3,5]","[3,5]",unavailable,0,,,,
linear-recovery-c2-compact/v1,occupancy,treatments_3_5__controls_6_8,,8,seasonal,runtime_stress_variant,20261022,,,,,"[3,5]","[6,8]",unavailable,0,,,,
linear-recovery-c2-compact/v1,occupancy,treatments_3_5__controls_9_10,,8,seasonal,runtime_stress_variant,20261022,,,,,"[3,5]","[9,10]",available,2,,,,
linear-recovery-c2-compact/v1,occupancy,treatments_6_8__controls_1_2,,8,seasonal,runtime_stress_variant,20261022,,,,,"[6,8]","[1,2]",available,3,,,,
linear-recovery-c2-compact/v1,occupancy,treatments_6_8__controls_3_5,,8,seasonal,runtime_stress_variant,20261022,,,,,"[6,8]","[3,5]",available,2,,,,
linear-recovery-c2-compact/v1,occupancy,treatments_6_8__controls_6_8,,8,seasonal,runtime_stress_variant,20261022,,,,,"[6,8]","[6,8]",available,4,,,,
linear-recovery-c2-compact/v1,occupancy,treatments_6_8__controls_9_10,,8,seasonal,runtime_stress_variant,20261022,,,,,"[6,8]","[9,10]",available,2,,,,
linear-recovery-c2-compact/v1,occupancy,treatments_9_10__controls_1_2,,8,seasonal,runtime_stress_variant,20261022,,,,,"[9,10]","[1,2]",available,2,,,,
linear-recovery-c2-compact/v1,occupancy,treatments_9_10__controls_3_5,,8,seasonal,runtime_stress_variant,20261022,,,,,"[9,10]","[3,5]",available,1,,,,
linear-recovery-c2-compact/v1,occupancy,treatments_9_10__controls_6_8,,8,seasonal,runtime_stress_variant,20261022,,,,,"[9,10]","[6,8]",available,3,,,,
linear-recovery-c2-compact/v1,occupancy,treatments_9_10__controls_9_10,,8,seasonal,runtime_stress_variant,20261022,,,,,"[9,10]","[9,10]",available,3,,,,
linear-recovery-c2-compact/v1,metric,,,9,trend,runtime_stress_variant,20261023,any_sibling,differences,absolute_correlation_ge_0p9,,,,available,32,3,0.09375,0.032401551298366194,0.24218154728387864
linear-recovery-c2-compact/v1,metric,,,9,trend,runtime_stress_variant,20261023,any_sibling,differences,absolute_correlation_ge_0p95,,,,available,32,3,0.09375,0.032401551298366194,0.24218154728387864
linear-recovery-c2-compact/v1,metric,,,9,trend,runtime_stress_variant,20261023,any_sibling,differences,condition_ge_100p0,,,,available,32,8,0.25,0.1325240091850904,0.4210655899424448
linear-recovery-c2-compact/v1,metric,,,9,trend,runtime_stress_variant,20261023,any_sibling,differences,condition_ge_30p0,,,,available,32,23,0.71875,0.5462549057408342,0.8443541950225723
linear-recovery-c2-compact/v1,metric,,,9,trend,runtime_stress_variant,20261023,any_sibling,differences,rank_deficient,,,,available,32,0,0.0,0.0,0.1071791982550706
linear-recovery-c2-compact/v1,metric,,,9,trend,runtime_stress_variant,20261023,any_sibling,differences,vif_ge_10p0,,,,available,32,3,0.09375,0.032401551298366194,0.24218154728387864
linear-recovery-c2-compact/v1,metric,,,9,trend,runtime_stress_variant,20261023,any_sibling,differences,vif_ge_5p0,,,,available,32,5,0.15625,0.0686442028250571,0.3175414959753039
linear-recovery-c2-compact/v1,metric,,,9,trend,runtime_stress_variant,20261023,any_sibling,levels,absolute_correlation_ge_0p9,,,,available,32,3,0.09375,0.032401551298366194,0.24218154728387864
linear-recovery-c2-compact/v1,metric,,,9,trend,runtime_stress_variant,20261023,any_sibling,levels,absolute_correlation_ge_0p95,,,,available,32,1,0.03125,0.005537860164003122,0.15744263820012558
linear-recovery-c2-compact/v1,metric,,,9,trend,runtime_stress_variant,20261023,any_sibling,levels,condition_ge_100p0,,,,available,32,21,0.65625,0.4831108797896222,0.7958956207556682
linear-recovery-c2-compact/v1,metric,,,9,trend,runtime_stress_variant,20261023,any_sibling,levels,condition_ge_30p0,,,,available,32,30,0.9375,0.7985287685584542,0.982689432968359
linear-recovery-c2-compact/v1,metric,,,9,trend,runtime_stress_variant,20261023,any_sibling,levels,rank_deficient,,,,available,32,0,0.0,0.0,0.1071791982550706
linear-recovery-c2-compact/v1,metric,,,9,trend,runtime_stress_variant,20261023,any_sibling,levels,vif_ge_10p0,,,,available,32,7,0.21875,0.11023836252604186,0.3875499364924353
linear-recovery-c2-compact/v1,metric,,,9,trend,runtime_stress_variant,20261023,any_sibling,levels,vif_ge_5p0,,,,available,32,22,0.6875,0.5143332169904459,0.8204745836639026
linear-recovery-c2-compact/v1,metric,,,9,trend,runtime_stress_variant,20261023,first_world,differences,absolute_correlation_ge_0p9,,,,available,32,2,0.0625,0.017310567031640967,0.2014712314415458
linear-recovery-c2-compact/v1,metric,,,9,trend,runtime_stress_variant,20261023,first_world,differences,absolute_correlation_ge_0p95,,,,available,32,2,0.0625,0.017310567031640967,0.2014712314415458
linear-recovery-c2-compact/v1,metric,,,9,trend,runtime_stress_variant,20261023,first_world,differences,condition_ge_100p0,,,,available,32,5,0.15625,0.0686442028250571,0.3175414959753039
linear-recovery-c2-compact/v1,metric,,,9,trend,runtime_stress_variant,20261023,first_world,differences,condition_ge_30p0,,,,available,32,11,0.34375,0.20410437924433172,0.5168891202103778
linear-recovery-c2-compact/v1,metric,,,9,trend,runtime_stress_variant,20261023,first_world,differences,rank_deficient,,,,available,32,0,0.0,0.0,0.1071791982550706
linear-recovery-c2-compact/v1,metric,,,9,trend,runtime_stress_variant,20261023,first_world,differences,vif_ge_10p0,,,,available,32,2,0.0625,0.017310567031640967,0.2014712314415458
linear-recovery-c2-compact/v1,metric,,,9,trend,runtime_stress_variant,20261023,first_world,differences,vif_ge_5p0,,,,available,32,3,0.09375,0.032401551298366194,0.24218154728387864
linear-recovery-c2-compact/v1,metric,,,9,trend,runtime_stress_variant,20261023,first_world,levels,absolute_correlation_ge_0p9,,,,available,32,2,0.0625,0.017310567031640967,0.2014712314415458
linear-recovery-c2-compact/v1,metric,,,9,trend,runtime_stress_variant,20261023,first_world,levels,absolute_correlation_ge_0p95,,,,available,32,1,0.03125,0.005537860164003122,0.15744263820012558
linear-recovery-c2-compact/v1,metric,,,9,trend,runtime_stress_variant,20261023,first_world,levels,condition_ge_100p0,,,,available,32,17,0.53125,0.3644951711897464,0.6913061289193116
linear-recovery-c2-compact/v1,metric,,,9,trend,runtime_stress_variant,20261023,first_world,levels,condition_ge_30p0,,,,available,32,29,0.90625,0.7578184527161212,0.9675984487016337
linear-recovery-c2-compact/v1,metric,,,9,trend,runtime_stress_variant,20261023,first_world,levels,rank_deficient,,,,available,32,0,0.0,0.0,0.1071791982550706
linear-recovery-c2-compact/v1,metric,,,9,trend,runtime_stress_variant,20261023,first_world,levels,vif_ge_10p0,,,,available,32,4,0.125,0.04970134387480073,0.2806830548165022
linear-recovery-c2-compact/v1,metric,,,9,trend,runtime_stress_variant,20261023,first_world,levels,vif_ge_5p0,,,,available,32,13,0.40625,0.2551963484266544,0.5773997512461713
linear-recovery-c2-compact/v1,occupancy,treatments_1_2__controls_1_2,,9,trend,runtime_stress_variant,20261023,,,,,"[1,2]","[1,2]",available,2,,,,
linear-recovery-c2-compact/v1,occupancy,treatments_1_2__controls_3_5,,9,trend,runtime_stress_variant,20261023,,,,,"[1,2]","[3,5]",available,2,,,,
linear-recovery-c2-compact/v1,occupancy,treatments_1_2__controls_6_8,,9,trend,runtime_stress_variant,20261023,,,,,"[1,2]","[6,8]",available,3,,,,
linear-recovery-c2-compact/v1,occupancy,treatments_1_2__controls_9_10,,9,trend,runtime_stress_variant,20261023,,,,,"[1,2]","[9,10]",unavailable,0,,,,
linear-recovery-c2-compact/v1,occupancy,treatments_3_5__controls_1_2,,9,trend,runtime_stress_variant,20261023,,,,,"[3,5]","[1,2]",unavailable,0,,,,
linear-recovery-c2-compact/v1,occupancy,treatments_3_5__controls_3_5,,9,trend,runtime_stress_variant,20261023,,,,,"[3,5]","[3,5]",available,3,,,,
linear-recovery-c2-compact/v1,occupancy,treatments_3_5__controls_6_8,,9,trend,runtime_stress_variant,20261023,,,,,"[3,5]","[6,8]",available,3,,,,
linear-recovery-c2-compact/v1,occupancy,treatments_3_5__controls_9_10,,9,trend,runtime_stress_variant,20261023,,,,,"[3,5]","[9,10]",unavailable,0,,,,
linear-recovery-c2-compact/v1,occupancy,treatments_6_8__controls_1_2,,9,trend,runtime_stress_variant,20261023,,,,,"[6,8]","[1,2]",available,1,,,,
linear-recovery-c2-compact/v1,occupancy,treatments_6_8__controls_3_5,,9,trend,runtime_stress_variant,20261023,,,,,"[6,8]","[3,5]",available,4,,,,
linear-recovery-c2-compact/v1,occupancy,treatments_6_8__controls_6_8,,9,trend,runtime_stress_variant,20261023,,,,,"[6,8]","[6,8]",available,5,,,,
linear-recovery-c2-compact/v1,occupancy,treatments_6_8__controls_9_10,,9,trend,runtime_stress_variant,20261023,,,,,"[6,8]","[9,10]",available,1,,,,
linear-recovery-c2-compact/v1,occupancy,treatments_9_10__controls_1_2,,9,trend,runtime_stress_variant,20261023,,,,,"[9,10]","[1,2]",available,4,,,,
linear-recovery-c2-compact/v1,occupancy,treatments_9_10__controls_3_5,,9,trend,runtime_stress_variant,20261023,,,,,"[9,10]","[3,5]",available,2,,,,
linear-recovery-c2-compact/v1,occupancy,treatments_9_10__controls_6_8,,9,trend,runtime_stress_variant,20261023,,,,,"[9,10]","[6,8]",available,1,,,,
linear-recovery-c2-compact/v1,occupancy,treatments_9_10__controls_9_10,,9,trend,runtime_stress_variant,20261023,,,,,"[9,10]","[9,10]",available,1,,,,
